120048 :"copy" "setDF" "as.data.frame.data.table" "as.data.frame" ".pd_as_data_frame" ".pd_check_data_impl" ".pd_standardize_data_impl" "<Anonymous>" "run" "system.time" 
120048 :"copy" "setDF" "as.data.frame.data.table" "as.data.frame" ".pd_as_data_frame" ".pd_check_data_impl" ".pd_standardize_data_impl" "<Anonymous>" "run" "system.time" 
240048 :"copy" "setDF" "as.data.frame.data.table" "as.data.frame" ".pd_as_data_frame" ".pd_check_data_impl" ".pd_standardize_data_impl" "<Anonymous>" "run" "system.time" 
120048 :"copy" "setDF" "as.data.frame.data.table" "as.data.frame" ".pd_as_data_frame" ".pd_check_data_impl" ".pd_standardize_data_impl" "<Anonymous>" "run" "system.time" 
120048 :"copy" "setDF" "as.data.frame.data.table" "as.data.frame" ".pd_as_data_frame" ".pd_check_data_impl" ".pd_standardize_data_impl" "<Anonymous>" "run" "system.time" 
120048 :"copy" "setDF" "as.data.frame.data.table" "as.data.frame" ".pd_as_data_frame" ".pd_check_data_impl" ".pd_standardize_data_impl" "<Anonymous>" "run" "system.time" 
120048 :"copy" "setDF" "as.data.frame.data.table" "as.data.frame" ".pd_as_data_frame" ".pd_check_data_impl" ".pd_standardize_data_impl" "<Anonymous>" "run" "system.time" 
240048 :"copy" "setDF" "as.data.frame.data.table" "as.data.frame" ".pd_as_data_frame" ".pd_check_data_impl" ".pd_standardize_data_impl" "<Anonymous>" "run" "system.time" 
240048 :"copy" "setDF" "as.data.frame.data.table" "as.data.frame" ".pd_as_data_frame" ".pd_check_data_impl" ".pd_standardize_data_impl" "<Anonymous>" "run" "system.time" 
240048 :"copy" "setDF" "as.data.frame.data.table" "as.data.frame" ".pd_as_data_frame" ".pd_check_data_impl" ".pd_standardize_data_impl" "<Anonymous>" "run" "system.time" 
240048 :"copy" "setDF" "as.data.frame.data.table" "as.data.frame" ".pd_as_data_frame" ".pd_check_data_impl" ".pd_standardize_data_impl" "<Anonymous>" "run" "system.time" 
240048 :"copy" "setDF" "as.data.frame.data.table" "as.data.frame" ".pd_as_data_frame" ".pd_check_data_impl" ".pd_standardize_data_impl" "<Anonymous>" "run" "system.time" 
240048 :"copy" "setDF" "as.data.frame.data.table" "as.data.frame" ".pd_as_data_frame" ".pd_check_data_impl" ".pd_standardize_data_impl" "<Anonymous>" "run" "system.time" 
240048 :"copy" "setDF" "as.data.frame.data.table" "as.data.frame" ".pd_as_data_frame" ".pd_check_data_impl" ".pd_standardize_data_impl" "<Anonymous>" "run" "system.time" 
240048 :"copy" "setDF" "as.data.frame.data.table" "as.data.frame" ".pd_as_data_frame" ".pd_check_data_impl" ".pd_standardize_data_impl" "<Anonymous>" "run" "system.time" 
240048 :"copy" "setDF" "as.data.frame.data.table" "as.data.frame" ".pd_as_data_frame" ".pd_check_data_impl" ".pd_standardize_data_impl" "<Anonymous>" "run" "system.time" 
8368 :"setalloccol" "reallocate" "copy" "setDF" "as.data.frame.data.table" "as.data.frame" ".pd_as_data_frame" ".pd_check_data_impl" ".pd_standardize_data_impl" "<Anonymous>" "run" "system.time" 
8368 :"setalloccol" "reallocate" "copy" "setDF" "as.data.frame.data.table" "as.data.frame" ".pd_as_data_frame" ".pd_check_data_impl" ".pd_standardize_data_impl" "<Anonymous>" "run" "system.time" 
120048 :"is.na" "which" ".pd_check_data_impl" ".pd_standardize_data_impl" "<Anonymous>" "run" "system.time" 
120048 :"is.na" "which" ".pd_check_data_impl" ".pd_standardize_data_impl" "<Anonymous>" "run" "system.time" 
120048 :"which" ".pd_check_data_impl" ".pd_standardize_data_impl" "<Anonymous>" "run" "system.time" 
120056 :"which" ".pd_check_data_impl" ".pd_standardize_data_impl" "<Anonymous>" "run" "system.time" 
240048 :"as.numeric" ".pd_numeric_conversion" ".pd_check_data_impl" ".pd_standardize_data_impl" "<Anonymous>" "run" "system.time" 
120048 :"is.na" "which" ".pd_numeric_conversion" ".pd_check_data_impl" ".pd_standardize_data_impl" "<Anonymous>" "run" "system.time" 
120048 :"which" ".pd_numeric_conversion" ".pd_check_data_impl" ".pd_standardize_data_impl" "<Anonymous>" "run" "system.time" 
120048 :"is.finite" "which" ".pd_numeric_conversion" ".pd_check_data_impl" ".pd_standardize_data_impl" "<Anonymous>" "run" "system.time" 
120048 :"which" ".pd_numeric_conversion" ".pd_check_data_impl" ".pd_standardize_data_impl" "<Anonymous>" "run" "system.time" 
120048 :"which" ".pd_numeric_conversion" ".pd_check_data_impl" ".pd_standardize_data_impl" "<Anonymous>" "run" "system.time" 
120056 :"which" ".pd_numeric_conversion" ".pd_check_data_impl" ".pd_standardize_data_impl" "<Anonymous>" "run" "system.time" 
120048 :"is.na" "na.omit.default" "<Anonymous>" "unique" "sort" ".pd_check_data_impl" ".pd_standardize_data_impl" "<Anonymous>" "run" "system.time" 
120056 :"na.omit.default" "<Anonymous>" "unique" "sort" ".pd_check_data_impl" ".pd_standardize_data_impl" "<Anonymous>" "run" "system.time" 
262192 :"unique.default" "unique" "sort" ".pd_check_data_impl" ".pd_standardize_data_impl" "<Anonymous>" "run" "system.time" 
120048 :"unique.default" "unique" "sort" ".pd_check_data_impl" ".pd_standardize_data_impl" "<Anonymous>" "run" "system.time" 
120048 :"is.na" "which" ".pd_check_data_impl" ".pd_standardize_data_impl" "<Anonymous>" "run" "system.time" 
120048 :"which" ".pd_check_data_impl" ".pd_standardize_data_impl" "<Anonymous>" "run" "system.time" 
120048 :"is.na" "which" ".pd_check_data_impl" ".pd_standardize_data_impl" "<Anonymous>" "run" "system.time" 
120048 :"which" ".pd_check_data_impl" ".pd_standardize_data_impl" "<Anonymous>" "run" "system.time" 
120048 :"which" ".pd_check_data_impl" ".pd_standardize_data_impl" "<Anonymous>" "run" "system.time" 
120056 :"which" ".pd_check_data_impl" ".pd_standardize_data_impl" "<Anonymous>" "run" "system.time" 
120048 :"which" ".pd_check_data_impl" ".pd_standardize_data_impl" "<Anonymous>" "run" "system.time" 
120048 :"is.factor" ".pd_key" "paste" ".pd_check_data_impl" ".pd_standardize_data_impl" "<Anonymous>" "run" "system.time" 
240048 :"paste" ".pd_check_data_impl" ".pd_standardize_data_impl" "<Anonymous>" "run" "system.time" 
240048 :"paste" ".pd_check_data_impl" ".pd_standardize_data_impl" "<Anonymous>" "run" "system.time" 
240048 :"paste" ".pd_check_data_impl" ".pd_standardize_data_impl" "<Anonymous>" "run" "system.time" 
240048 :"paste" ".pd_check_data_impl" ".pd_standardize_data_impl" "<Anonymous>" "run" "system.time" 
new page:"paste" ".pd_check_data_impl" ".pd_standardize_data_impl" "<Anonymous>" "run" "system.time" 
new page:"paste" ".pd_check_data_impl" ".pd_standardize_data_impl" "<Anonymous>" "run" "system.time" 
new page:"paste" ".pd_check_data_impl" ".pd_standardize_data_impl" "<Anonymous>" "run" "system.time" 
new page:"paste" ".pd_check_data_impl" ".pd_standardize_data_impl" "<Anonymous>" "run" "system.time" 
new page:"paste" ".pd_check_data_impl" ".pd_standardize_data_impl" "<Anonymous>" "run" "system.time" 
new page:"paste" ".pd_check_data_impl" ".pd_standardize_data_impl" "<Anonymous>" "run" "system.time" 
new page:"paste" ".pd_check_data_impl" ".pd_standardize_data_impl" "<Anonymous>" "run" "system.time" 
262192 :"duplicated.default" "duplicated" ".pd_check_data_impl" ".pd_standardize_data_impl" "<Anonymous>" "run" "system.time" 
120048 :"duplicated.default" "duplicated" ".pd_check_data_impl" ".pd_standardize_data_impl" "<Anonymous>" "run" "system.time" 
262192 :"duplicated.default" "duplicated" ".pd_check_data_impl" ".pd_standardize_data_impl" "<Anonymous>" "run" "system.time" 
120048 :"duplicated.default" "duplicated" ".pd_check_data_impl" ".pd_standardize_data_impl" "<Anonymous>" "run" "system.time" 
120048 :".pd_check_data_impl" ".pd_standardize_data_impl" "<Anonymous>" "run" "system.time" 
120056 :".pd_check_data_impl" ".pd_standardize_data_impl" "<Anonymous>" "run" "system.time" 
new page:"as.list" "data.frame" "add_check" ".pd_check_data_impl" ".pd_standardize_data_impl" "<Anonymous>" "run" "system.time" 
new page:"length" "structure" "as.data.frame.logical" "as.data.frame" "data.frame" "add_check" ".pd_check_data_impl" ".pd_standardize_data_impl" "<Anonymous>" "run" "system.time" 
new page:"is.call" "mode" "%in%" "deparse" "paste" "deparse1" "force" "as.data.frame.logical" "as.data.frame" "data.frame" "add_check" ".pd_check_data_impl" ".pd_standardize_data_impl" "<Anonymous>" "run" "system.time" 
new page:"%in%" ".deparseOpts" "deparse" "paste" "deparse1" "as.data.frame.character" "as.data.frame" "data.frame" "add_check" ".pd_check_data_impl" ".pd_standardize_data_impl" "<Anonymous>" "run" "system.time" 
120048 :"is.na" "which" ".pd_check_data_impl" ".pd_standardize_data_impl" "<Anonymous>" "run" "system.time" 
120048 :"which" ".pd_check_data_impl" ".pd_standardize_data_impl" "<Anonymous>" "run" "system.time" 
120056 :"which" ".pd_check_data_impl" ".pd_standardize_data_impl" "<Anonymous>" "run" "system.time" 
120048 :"which" ".pd_check_data_impl" ".pd_standardize_data_impl" "<Anonymous>" "run" "system.time" 
new page:"nargs" "[[.data.frame" "[[" "is.factor" ".pd_key" ".pd_check_data_impl" ".pd_standardize_data_impl" "<Anonymous>" "run" "system.time" 
120048 :"is.factor" ".pd_key" ".pd_check_data_impl" ".pd_standardize_data_impl" "<Anonymous>" "run" "system.time" 
262192 :"unique.default" "unique" ".pd_check_data_impl" ".pd_standardize_data_impl" "<Anonymous>" "run" "system.time" 
240048 :"unique.default" "unique" ".pd_check_data_impl" ".pd_standardize_data_impl" "<Anonymous>" "run" "system.time" 
120048 :"unique.default" "unique" ".pd_check_data_impl" ".pd_standardize_data_impl" "<Anonymous>" "run" "system.time" 
80048 :"unique.default" "unique" ".pd_check_data_impl" ".pd_standardize_data_impl" "<Anonymous>" "run" "system.time" 
262192 :"unique.default" "unique" "factor" ".pd_check_data_impl" ".pd_standardize_data_impl" "<Anonymous>" "run" "system.time" 
120048 :"unique.default" "unique" "factor" ".pd_check_data_impl" ".pd_standardize_data_impl" "<Anonymous>" "run" "system.time" 
80048 :"unique.default" "unique" "factor" ".pd_check_data_impl" ".pd_standardize_data_impl" "<Anonymous>" "run" "system.time" 
40048 :"order" "factor" ".pd_check_data_impl" ".pd_standardize_data_impl" "<Anonymous>" "run" "system.time" 
80048 :"unique" "factor" ".pd_check_data_impl" ".pd_standardize_data_impl" "<Anonymous>" "run" "system.time" 
131120 :"unique.default" "unique" "factor" ".pd_check_data_impl" ".pd_standardize_data_impl" "<Anonymous>" "run" "system.time" 
40048 :"unique.default" "unique" "factor" ".pd_check_data_impl" ".pd_standardize_data_impl" "<Anonymous>" "run" "system.time" 
80048 :"unique.default" "unique" "factor" ".pd_check_data_impl" ".pd_standardize_data_impl" "<Anonymous>" "run" "system.time" 
80048 :"factor" ".pd_check_data_impl" ".pd_standardize_data_impl" "<Anonymous>" "run" "system.time" 
40048 :"factor" ".pd_check_data_impl" ".pd_standardize_data_impl" "<Anonymous>" "run" "system.time" 
40048 :"is.na" "factor" ".pd_check_data_impl" ".pd_standardize_data_impl" "<Anonymous>" "run" "system.time" 
40056 :"factor" ".pd_check_data_impl" ".pd_standardize_data_impl" "<Anonymous>" "run" "system.time" 
40048 :"factor" ".pd_check_data_impl" ".pd_standardize_data_impl" "<Anonymous>" "run" "system.time" 
80048 :"factor" ".pd_check_data_impl" ".pd_standardize_data_impl" "<Anonymous>" "run" "system.time" 
240048 :"factor" ".pd_check_data_impl" ".pd_standardize_data_impl" "<Anonymous>" "run" "system.time" 
80048 :"factor" ".pd_check_data_impl" ".pd_standardize_data_impl" "<Anonymous>" "run" "system.time" 
131120 :"factor" ".pd_check_data_impl" ".pd_standardize_data_impl" "<Anonymous>" "run" "system.time" 
120048 :"factor" ".pd_check_data_impl" ".pd_standardize_data_impl" "<Anonymous>" "run" "system.time" 
131120 :"factor" ".pd_check_data_impl" ".pd_standardize_data_impl" "<Anonymous>" "run" "system.time" 
120048 :".pd_check_data_impl" ".pd_standardize_data_impl" "<Anonymous>" "run" "system.time" 
120048 :"as.integer" ".pd_check_data_impl" ".pd_standardize_data_impl" "<Anonymous>" "run" "system.time" 
80048 :"as.integer" ".pd_check_data_impl" ".pd_standardize_data_impl" "<Anonymous>" "run" "system.time" 
40048 :"<Anonymous>" ".pd_check_data_impl" ".pd_standardize_data_impl" "<Anonymous>" "run" "system.time" 
new page:"length" "data.frame" ".pd_check_data_impl" ".pd_standardize_data_impl" "<Anonymous>" "run" "system.time" 
40048 :"nzchar" ".pd_check_data_impl" ".pd_standardize_data_impl" "<Anonymous>" "run" "system.time" 
40048 :".pd_check_data_impl" ".pd_standardize_data_impl" "<Anonymous>" "run" "system.time" 
240048 :".pd_panel_visits" ".pd_check_data_impl" ".pd_standardize_data_impl" "<Anonymous>" "run" "system.time" 
120048 :".pd_panel_visits" ".pd_check_data_impl" ".pd_standardize_data_impl" "<Anonymous>" "run" "system.time" 
120048 :"is.na" "which" ".pd_panel_visits" ".pd_check_data_impl" ".pd_standardize_data_impl" "<Anonymous>" "run" "system.time" 
120048 :"which" ".pd_panel_visits" ".pd_check_data_impl" ".pd_standardize_data_impl" "<Anonymous>" "run" "system.time" 
120048 :"is.na" "which" ".pd_panel_visits" ".pd_check_data_impl" ".pd_standardize_data_impl" "<Anonymous>" "run" "system.time" 
120048 :"which" ".pd_panel_visits" ".pd_check_data_impl" ".pd_standardize_data_impl" "<Anonymous>" "run" "system.time" 
120048 :"which" ".pd_panel_visits" ".pd_check_data_impl" ".pd_standardize_data_impl" "<Anonymous>" "run" "system.time" 
120056 :"which" ".pd_panel_visits" ".pd_check_data_impl" ".pd_standardize_data_impl" "<Anonymous>" "run" "system.time" 
120048 :"which" ".pd_panel_visits" ".pd_check_data_impl" ".pd_standardize_data_impl" "<Anonymous>" "run" "system.time" 
120048 :"tabulate" ".pd_panel_visits" ".pd_check_data_impl" ".pd_standardize_data_impl" "<Anonymous>" "run" "system.time" 
40048 :"tabulate" ".pd_panel_visits" ".pd_check_data_impl" ".pd_standardize_data_impl" "<Anonymous>" "run" "system.time" 
40048 :".pd_panel_visits" ".pd_check_data_impl" ".pd_standardize_data_impl" "<Anonymous>" "run" "system.time" 
120048 :"tabulate" ".pd_panel_visits" ".pd_check_data_impl" ".pd_standardize_data_impl" "<Anonymous>" "run" "system.time" 
80048 :".pd_check_data_impl" ".pd_standardize_data_impl" "<Anonymous>" "run" "system.time" 
80048 :".pd_check_data_impl" ".pd_standardize_data_impl" "<Anonymous>" "run" "system.time" 
131120 :".pd_check_data_impl" ".pd_standardize_data_impl" "<Anonymous>" "run" "system.time" 
40048 :".pd_check_data_impl" ".pd_standardize_data_impl" "<Anonymous>" "run" "system.time" 
40048 :".pd_check_data_impl" ".pd_standardize_data_impl" "<Anonymous>" "run" "system.time" 
40056 :".pd_check_data_impl" ".pd_standardize_data_impl" "<Anonymous>" "run" "system.time" 
new page:"==" "isTRUE" "data.frame" "add_check" ".pd_check_data_impl" ".pd_standardize_data_impl" "<Anonymous>" "run" "system.time" 
new page:".deparseOpts" "deparse" "mode" "%in%" "deparse" "paste" "deparse1" "force" "as.data.frame.logical" "as.data.frame" "data.frame" "add_check" ".pd_check_data_impl" ".pd_standardize_data_impl" "<Anonymous>" "run" "system.time" 
new page:"paste" "deparse1" "force" "as.data.frame.logical" "as.data.frame" "data.frame" "add_check" ".pd_check_data_impl" ".pd_standardize_data_impl" "<Anonymous>" "run" "system.time" 
new page:"as.data.frame" "data.frame" "add_check" ".pd_check_data_impl" ".pd_standardize_data_impl" "<Anonymous>" "run" "system.time" 
new page:"logical" "vapply" "order" "make.names" "data.frame" "add_check" ".pd_check_data_impl" ".pd_standardize_data_impl" "<Anonymous>" "run" "system.time" 
120048 :"is.na" "which" ".pd_binary_conversion" ".pd_check_data_impl" ".pd_standardize_data_impl" "<Anonymous>" "run" "system.time" 
120048 :"which" ".pd_binary_conversion" ".pd_check_data_impl" ".pd_standardize_data_impl" "<Anonymous>" "run" "system.time" 
120048 :"%in%" "which" ".pd_binary_conversion" ".pd_check_data_impl" ".pd_standardize_data_impl" "<Anonymous>" "run" "system.time" 
240048 :"%in%" "which" ".pd_binary_conversion" ".pd_check_data_impl" ".pd_standardize_data_impl" "<Anonymous>" "run" "system.time" 
120048 :"%in%" "which" ".pd_binary_conversion" ".pd_check_data_impl" ".pd_standardize_data_impl" "<Anonymous>" "run" "system.time" 
120048 :"%in%" "which" ".pd_binary_conversion" ".pd_check_data_impl" ".pd_standardize_data_impl" "<Anonymous>" "run" "system.time" 
120048 :"which" ".pd_binary_conversion" ".pd_check_data_impl" ".pd_standardize_data_impl" "<Anonymous>" "run" "system.time" 
120048 :"which" ".pd_binary_conversion" ".pd_check_data_impl" ".pd_standardize_data_impl" "<Anonymous>" "run" "system.time" 
120056 :"which" ".pd_binary_conversion" ".pd_check_data_impl" ".pd_standardize_data_impl" "<Anonymous>" "run" "system.time" 
120048 :"is.na" "which" ".pd_check_data_impl" ".pd_standardize_data_impl" "<Anonymous>" "run" "system.time" 
120056 :"which" ".pd_check_data_impl" ".pd_standardize_data_impl" "<Anonymous>" "run" "system.time" 
120048 :"is.na" "na.omit.default" "<Anonymous>" "unique" ".pd_display_values" "paste" "data.frame" "add_check" ".pd_check_data_impl" ".pd_standardize_data_impl" "<Anonymous>" "run" "system.time" 
120056 :"na.omit.default" "<Anonymous>" "unique" ".pd_display_values" "paste" "data.frame" "add_check" ".pd_check_data_impl" ".pd_standardize_data_impl" "<Anonymous>" "run" "system.time" 
262192 :"unique.default" "unique" ".pd_display_values" "paste" "data.frame" "add_check" ".pd_check_data_impl" ".pd_standardize_data_impl" "<Anonymous>" "run" "system.time" 
120048 :"unique.default" "unique" ".pd_display_values" "paste" "data.frame" "add_check" ".pd_check_data_impl" ".pd_standardize_data_impl" "<Anonymous>" "run" "system.time" 
new page:"%in%" "deparse" "mode" "%in%" "deparse" "paste" "deparse1" "as.data.frame.character" "as.data.frame" "data.frame" "add_check" ".pd_check_data_impl" ".pd_standardize_data_impl" "<Anonymous>" "run" "system.time" 
new page:"%in%" ".deparseOpts" "deparse" "paste" "deparse1" "as.data.frame.character" "as.data.frame" "data.frame" "add_check" ".pd_check_data_impl" ".pd_standardize_data_impl" "<Anonymous>" "run" "system.time" 
new page:"structure" "as.data.frame.logical" "as.data.frame" "data.frame" "add_check" ".pd_check_data_impl" ".pd_standardize_data_impl" "<Anonymous>" "run" "system.time" 
new page:"length" ".deparseOpts" "deparse" "mode" "%in%" "deparse" "paste" "deparse1" "as.data.frame.character" "as.data.frame" "data.frame" "add_check" ".pd_check_data_impl" ".pd_standardize_data_impl" "<Anonymous>" "run" "system.time" 
120048 :"is.na" "which" ".pd_binary_conversion" ".pd_check_data_impl" ".pd_standardize_data_impl" "<Anonymous>" "run" "system.time" 
120048 :"which" ".pd_binary_conversion" ".pd_check_data_impl" ".pd_standardize_data_impl" "<Anonymous>" "run" "system.time" 
120048 :"%in%" "which" ".pd_binary_conversion" ".pd_check_data_impl" ".pd_standardize_data_impl" "<Anonymous>" "run" "system.time" 
240048 :"%in%" "which" ".pd_binary_conversion" ".pd_check_data_impl" ".pd_standardize_data_impl" "<Anonymous>" "run" "system.time" 
120048 :"%in%" "which" ".pd_binary_conversion" ".pd_check_data_impl" ".pd_standardize_data_impl" "<Anonymous>" "run" "system.time" 
120048 :"%in%" "which" ".pd_binary_conversion" ".pd_check_data_impl" ".pd_standardize_data_impl" "<Anonymous>" "run" "system.time" 
120048 :"which" ".pd_binary_conversion" ".pd_check_data_impl" ".pd_standardize_data_impl" "<Anonymous>" "run" "system.time" 
120048 :"which" ".pd_binary_conversion" ".pd_check_data_impl" ".pd_standardize_data_impl" "<Anonymous>" "run" "system.time" 
120056 :"which" ".pd_binary_conversion" ".pd_check_data_impl" ".pd_standardize_data_impl" "<Anonymous>" "run" "system.time" 
120048 :"is.na" "which" ".pd_check_data_impl" ".pd_standardize_data_impl" "<Anonymous>" "run" "system.time" 
120056 :"which" ".pd_check_data_impl" ".pd_standardize_data_impl" "<Anonymous>" "run" "system.time" 
new page:"length" "isTRUE" "data.frame" "add_check" ".pd_check_data_impl" ".pd_standardize_data_impl" "<Anonymous>" "run" "system.time" 
120048 :"is.na" "na.omit.default" "<Anonymous>" "unique" ".pd_display_values" "paste" "data.frame" "add_check" ".pd_check_data_impl" ".pd_standardize_data_impl" "<Anonymous>" "run" "system.time" 
120056 :"na.omit.default" "<Anonymous>" "unique" ".pd_display_values" "paste" "data.frame" "add_check" ".pd_check_data_impl" ".pd_standardize_data_impl" "<Anonymous>" "run" "system.time" 
262192 :"unique.default" "unique" ".pd_display_values" "paste" "data.frame" "add_check" ".pd_check_data_impl" ".pd_standardize_data_impl" "<Anonymous>" "run" "system.time" 
120048 :"unique.default" "unique" ".pd_display_values" "paste" "data.frame" "add_check" ".pd_check_data_impl" ".pd_standardize_data_impl" "<Anonymous>" "run" "system.time" 
new page:".deparseOpts" "deparse" "paste" "deparse1" "force" "as.data.frame.logical" "as.data.frame" "data.frame" "add_check" ".pd_check_data_impl" ".pd_standardize_data_impl" "<Anonymous>" "run" "system.time" 
new page:"structure" "as.data.frame.logical" "as.data.frame" "data.frame" "add_check" ".pd_check_data_impl" ".pd_standardize_data_impl" "<Anonymous>" "run" "system.time" 
new page:".deparseOpts" "deparse" "mode" "%in%" "deparse" "paste" "deparse1" "as.data.frame.character" "as.data.frame" "data.frame" "add_check" ".pd_check_data_impl" ".pd_standardize_data_impl" "<Anonymous>" "run" "system.time" 
new page:".set_row_names" "data.frame" "add_check" ".pd_check_data_impl" ".pd_standardize_data_impl" "<Anonymous>" "run" "system.time" 
120048 :"which" "tabulate" ".pd_check_data_impl" ".pd_standardize_data_impl" "<Anonymous>" "run" "system.time" 
120056 :"which" "tabulate" ".pd_check_data_impl" ".pd_standardize_data_impl" "<Anonymous>" "run" "system.time" 
22920 :"which" "tabulate" ".pd_check_data_impl" ".pd_standardize_data_impl" "<Anonymous>" "run" "system.time" 
22920 :"tabulate" ".pd_check_data_impl" ".pd_standardize_data_impl" "<Anonymous>" "run" "system.time" 
40048 :"tabulate" ".pd_check_data_impl" ".pd_standardize_data_impl" "<Anonymous>" "run" "system.time" 
40048 :".pd_check_data_impl" ".pd_standardize_data_impl" "<Anonymous>" "run" "system.time" 
120048 :"which" "tabulate" ".pd_check_data_impl" ".pd_standardize_data_impl" "<Anonymous>" "run" "system.time" 
120056 :"which" "tabulate" ".pd_check_data_impl" ".pd_standardize_data_impl" "<Anonymous>" "run" "system.time" 
97176 :"which" "tabulate" ".pd_check_data_impl" ".pd_standardize_data_impl" "<Anonymous>" "run" "system.time" 
97176 :"tabulate" ".pd_check_data_impl" ".pd_standardize_data_impl" "<Anonymous>" "run" "system.time" 
40048 :"tabulate" ".pd_check_data_impl" ".pd_standardize_data_impl" "<Anonymous>" "run" "system.time" 
40048 :".pd_check_data_impl" ".pd_standardize_data_impl" "<Anonymous>" "run" "system.time" 
40048 :".pd_check_data_impl" ".pd_standardize_data_impl" "<Anonymous>" "run" "system.time" 
40056 :".pd_check_data_impl" ".pd_standardize_data_impl" "<Anonymous>" "run" "system.time" 
new page:"deparse" "mode" "%in%" "deparse" "paste" "deparse1" "force" "as.data.frame.logical" "as.data.frame" "data.frame" "add_check" ".pd_check_data_impl" ".pd_standardize_data_impl" "<Anonymous>" "run" "system.time" 
new page:".set_row_names" "as.data.frame.logical" "as.data.frame" "data.frame" "add_check" ".pd_check_data_impl" ".pd_standardize_data_impl" "<Anonymous>" "run" "system.time" 
new page:"deparse" "mode" "%in%" "deparse" "paste" "deparse1" "as.data.frame.character" "as.data.frame" "data.frame" "add_check" ".pd_check_data_impl" ".pd_standardize_data_impl" "<Anonymous>" "run" "system.time" 
new page:"is.factor" "FUN" "vapply" "order" "make.names" "data.frame" "add_check" ".pd_check_data_impl" ".pd_standardize_data_impl" "<Anonymous>" "run" "system.time" 
120048 :"is.na" "which" ".pd_survival_increases" ".pd_check_data_impl" ".pd_standardize_data_impl" "<Anonymous>" "run" "system.time" 
120048 :"which" ".pd_survival_increases" ".pd_check_data_impl" ".pd_standardize_data_impl" "<Anonymous>" "run" "system.time" 
120048 :"is.na" "which" ".pd_survival_increases" ".pd_check_data_impl" ".pd_standardize_data_impl" "<Anonymous>" "run" "system.time" 
120048 :"which" ".pd_survival_increases" ".pd_check_data_impl" ".pd_standardize_data_impl" "<Anonymous>" "run" "system.time" 
120048 :"which" ".pd_survival_increases" ".pd_check_data_impl" ".pd_standardize_data_impl" "<Anonymous>" "run" "system.time" 
120056 :"which" ".pd_survival_increases" ".pd_check_data_impl" ".pd_standardize_data_impl" "<Anonymous>" "run" "system.time" 
120048 :"which" ".pd_survival_increases" ".pd_check_data_impl" ".pd_standardize_data_impl" "<Anonymous>" "run" "system.time" 
120048 :"order" ".pd_survival_increases" ".pd_check_data_impl" ".pd_standardize_data_impl" "<Anonymous>" "run" "system.time" 
240048 :"order" ".pd_survival_increases" ".pd_check_data_impl" ".pd_standardize_data_impl" "<Anonymous>" "run" "system.time" 
120048 :"order" ".pd_survival_increases" ".pd_check_data_impl" ".pd_standardize_data_impl" "<Anonymous>" "run" "system.time" 
120048 :".pd_survival_increases" ".pd_check_data_impl" ".pd_standardize_data_impl" "<Anonymous>" "run" "system.time" 
120048 :".pd_survival_increases" ".pd_check_data_impl" ".pd_standardize_data_impl" "<Anonymous>" "run" "system.time" 
120056 :".pd_survival_increases" ".pd_check_data_impl" ".pd_standardize_data_impl" "<Anonymous>" "run" "system.time" 
120048 :".pd_survival_increases" ".pd_check_data_impl" ".pd_standardize_data_impl" "<Anonymous>" "run" "system.time" 
120048 :".pd_survival_increases" ".pd_check_data_impl" ".pd_standardize_data_impl" "<Anonymous>" "run" "system.time" 
120048 :".pd_survival_increases" ".pd_check_data_impl" ".pd_standardize_data_impl" "<Anonymous>" "run" "system.time" 
120056 :".pd_survival_increases" ".pd_check_data_impl" ".pd_standardize_data_impl" "<Anonymous>" "run" "system.time" 
120048 :".pd_survival_increases" ".pd_check_data_impl" ".pd_standardize_data_impl" "<Anonymous>" "run" "system.time" 
120048 :".pd_survival_increases" ".pd_check_data_impl" ".pd_standardize_data_impl" "<Anonymous>" "run" "system.time" 
120048 :".pd_survival_increases" ".pd_check_data_impl" ".pd_standardize_data_impl" "<Anonymous>" "run" "system.time" 
120048 :".pd_survival_increases" ".pd_check_data_impl" ".pd_standardize_data_impl" "<Anonymous>" "run" "system.time" 
120048 :".pd_survival_increases" ".pd_check_data_impl" ".pd_standardize_data_impl" "<Anonymous>" "run" "system.time" 
120048 :".pd_survival_increases" ".pd_check_data_impl" ".pd_standardize_data_impl" "<Anonymous>" "run" "system.time" 
120048 :".pd_survival_increases" ".pd_check_data_impl" ".pd_standardize_data_impl" "<Anonymous>" "run" "system.time" 
120048 :".pd_survival_increases" ".pd_check_data_impl" ".pd_standardize_data_impl" "<Anonymous>" "run" "system.time" 
120048 :".pd_survival_increases" ".pd_check_data_impl" ".pd_standardize_data_impl" "<Anonymous>" "run" "system.time" 
120048 :"tabulate" ".pd_survival_increases" ".pd_check_data_impl" ".pd_standardize_data_impl" "<Anonymous>" "run" "system.time" 
40048 :"tabulate" ".pd_survival_increases" ".pd_check_data_impl" ".pd_standardize_data_impl" "<Anonymous>" "run" "system.time" 
40048 :".pd_survival_increases" ".pd_check_data_impl" ".pd_standardize_data_impl" "<Anonymous>" "run" "system.time" 
40056 :".pd_check_data_impl" ".pd_standardize_data_impl" "<Anonymous>" "run" "system.time" 
new page:"structure" "as.data.frame.vector" "as.data.frame.character" "as.data.frame" "data.frame" "add_check" ".pd_check_data_impl" ".pd_standardize_data_impl" "<Anonymous>" "run" "system.time" 
new page:"%in%" "deparse" "mode" "%in%" "deparse" "paste" "deparse1" "force" "as.data.frame.logical" "as.data.frame" "data.frame" "add_check" ".pd_check_data_impl" ".pd_standardize_data_impl" "<Anonymous>" "run" "system.time" 
new page:".deparseOpts" "deparse" "paste" "deparse1" "force" "as.data.frame.logical" "as.data.frame" "data.frame" "add_check" ".pd_check_data_impl" ".pd_standardize_data_impl" "<Anonymous>" "run" "system.time" 
new page:"structure" "as.data.frame.vector" "as.data.frame.character" "as.data.frame" "data.frame" "add_check" ".pd_check_data_impl" ".pd_standardize_data_impl" "<Anonymous>" "run" "system.time" 
120048 :"is.na" "which" ".pd_numeric_conversion" ".pd_check_data_impl" ".pd_standardize_data_impl" "<Anonymous>" "run" "system.time" 
120048 :"which" ".pd_numeric_conversion" ".pd_check_data_impl" ".pd_standardize_data_impl" "<Anonymous>" "run" "system.time" 
120048 :"is.finite" "which" ".pd_numeric_conversion" ".pd_check_data_impl" ".pd_standardize_data_impl" "<Anonymous>" "run" "system.time" 
120048 :"which" ".pd_numeric_conversion" ".pd_check_data_impl" ".pd_standardize_data_impl" "<Anonymous>" "run" "system.time" 
120048 :"which" ".pd_numeric_conversion" ".pd_check_data_impl" ".pd_standardize_data_impl" "<Anonymous>" "run" "system.time" 
120056 :"which" ".pd_numeric_conversion" ".pd_check_data_impl" ".pd_standardize_data_impl" "<Anonymous>" "run" "system.time" 
new page:"c" ".set_row_names" "as.data.frame.vector" "as.data.frame.character" "as.data.frame" "data.frame" "add_check" ".pd_check_data_impl" ".pd_standardize_data_impl" "<Anonymous>" "run" "system.time" 
new page:"as.data.frame.logical" "as.data.frame" "data.frame" "add_check" ".pd_check_data_impl" ".pd_standardize_data_impl" "<Anonymous>" "run" "system.time" 
new page:"mode" "%in%" "deparse" "paste" "deparse1" "force" "as.data.frame.logical" "as.data.frame" "data.frame" "add_check" ".pd_check_data_impl" ".pd_standardize_data_impl" "<Anonymous>" "run" "system.time" 
new page:"length" "structure" "as.data.frame.vector" "as.data.frame.character" "as.data.frame" "data.frame" "add_check" ".pd_check_data_impl" ".pd_standardize_data_impl" "<Anonymous>" "run" "system.time" 
120048 :"which" ".pd_check_data_impl" ".pd_standardize_data_impl" "<Anonymous>" "run" "system.time" 
120048 :"is.na" "which" ".pd_check_data_impl" ".pd_standardize_data_impl" "<Anonymous>" "run" "system.time" 
120048 :"which" ".pd_check_data_impl" ".pd_standardize_data_impl" "<Anonymous>" "run" "system.time" 
120056 :"which" ".pd_check_data_impl" ".pd_standardize_data_impl" "<Anonymous>" "run" "system.time" 
12456 :"which" ".pd_check_data_impl" ".pd_standardize_data_impl" "<Anonymous>" "run" "system.time" 
new page:"%in%" "as.data.frame.character" "as.data.frame" "data.frame" "add_check" ".pd_check_data_impl" ".pd_standardize_data_impl" "<Anonymous>" "run" "system.time" 
new page:"as.data.frame" "data.frame" "add_check" ".pd_check_data_impl" ".pd_standardize_data_impl" "<Anonymous>" "run" "system.time" 
new page:"sum" ".deparseOpts" "deparse" "mode" "%in%" "deparse" "paste" "deparse1" "force" "as.data.frame.logical" "as.data.frame" "data.frame" "add_check" ".pd_check_data_impl" ".pd_standardize_data_impl" "<Anonymous>" "run" "system.time" 
new page:"length" "as.data.frame.vector" "as.data.frame.character" "as.data.frame" "data.frame" "add_check" ".pd_check_data_impl" ".pd_standardize_data_impl" "<Anonymous>" "run" "system.time" 
120048 :"which" ".pd_check_data_impl" ".pd_standardize_data_impl" "<Anonymous>" "run" "system.time" 
120048 :"is.na" "which" ".pd_check_data_impl" ".pd_standardize_data_impl" "<Anonymous>" "run" "system.time" 
120048 :"which" ".pd_check_data_impl" ".pd_standardize_data_impl" "<Anonymous>" "run" "system.time" 
120048 :"which" ".pd_check_data_impl" ".pd_standardize_data_impl" "<Anonymous>" "run" "system.time" 
120056 :"which" ".pd_check_data_impl" ".pd_standardize_data_impl" "<Anonymous>" "run" "system.time" 
new page:".set_row_names" "as.data.frame.vector" "as.data.frame.character" "as.data.frame" "data.frame" "add_check" ".pd_check_data_impl" ".pd_standardize_data_impl" "<Anonymous>" "run" "system.time" 
new page:"as.data.frame.logical" "as.data.frame" "data.frame" "add_check" ".pd_check_data_impl" ".pd_standardize_data_impl" "<Anonymous>" "run" "system.time" 
new page:"mode" "%in%" "deparse" "paste" "deparse1" "force" "as.data.frame.logical" "as.data.frame" "data.frame" "add_check" ".pd_check_data_impl" ".pd_standardize_data_impl" "<Anonymous>" "run" "system.time" 
new page:"list" "as.data.frame.vector" "as.data.frame.character" "as.data.frame" "data.frame" "add_check" ".pd_check_data_impl" ".pd_standardize_data_impl" "<Anonymous>" "run" "system.time" 
120048 :"which" ".pd_check_data_impl" ".pd_standardize_data_impl" "<Anonymous>" "run" "system.time" 
120048 :"is.na" "which" ".pd_check_data_impl" ".pd_standardize_data_impl" "<Anonymous>" "run" "system.time" 
120048 :"which" ".pd_check_data_impl" ".pd_standardize_data_impl" "<Anonymous>" "run" "system.time" 
120056 :"which" ".pd_check_data_impl" ".pd_standardize_data_impl" "<Anonymous>" "run" "system.time" 
new page:"structure" "as.data.frame.numeric" "as.data.frame" "data.frame" ".pd_check_data_impl" ".pd_standardize_data_impl" "<Anonymous>" "run" "system.time" 
new page:"length" "isTRUE" "data.frame" "add_check" ".pd_check_data_impl" ".pd_standardize_data_impl" "<Anonymous>" "run" "system.time" 
new page:"length" ".deparseOpts" "deparse" "paste" "deparse1" "force" "as.data.frame.logical" "as.data.frame" "data.frame" "add_check" ".pd_check_data_impl" ".pd_standardize_data_impl" "<Anonymous>" "run" "system.time" 
new page:"is.na" "structure" "as.data.frame.logical" "as.data.frame" "data.frame" "add_check" ".pd_check_data_impl" ".pd_standardize_data_impl" "<Anonymous>" "run" "system.time" 
new page:"length" ".deparseOpts" "deparse" "mode" "%in%" "deparse" "paste" "deparse1" "as.data.frame.character" "as.data.frame" "data.frame" "add_check" ".pd_check_data_impl" ".pd_standardize_data_impl" "<Anonymous>" "run" "system.time" 
new page:"length" "order" "make.names" "data.frame" "add_check" ".pd_check_data_impl" ".pd_standardize_data_impl" "<Anonymous>" "run" "system.time" 
new page:"structure" "as.data.frame.integer" "as.data.frame" "data.frame" ".pd_check_data_impl" ".pd_standardize_data_impl" "<Anonymous>" "run" "system.time" 
new page:"match.arg" "order" "make.names" "data.frame" ".pd_check_data_impl" ".pd_standardize_data_impl" "<Anonymous>" "run" "system.time" 
120048 :"is.na" "which" ".pd_check_data_impl" ".pd_standardize_data_impl" "<Anonymous>" "run" "system.time" 
120056 :"which" ".pd_check_data_impl" ".pd_standardize_data_impl" "<Anonymous>" "run" "system.time" 
120048 :"is.na" "which" ".pd_check_data_impl" ".pd_standardize_data_impl" "<Anonymous>" "run" "system.time" 
120056 :"which" ".pd_check_data_impl" ".pd_standardize_data_impl" "<Anonymous>" "run" "system.time" 
120048 :"is.na" "which" ".pd_check_data_impl" ".pd_standardize_data_impl" "<Anonymous>" "run" "system.time" 
120056 :"which" ".pd_check_data_impl" ".pd_standardize_data_impl" "<Anonymous>" "run" "system.time" 
new page:"nargs" "[[.data.frame" "[[" "is.factor" ".pd_key" "unique" ".pd_check_data_impl" ".pd_standardize_data_impl" "<Anonymous>" "run" "system.time" 
120048 :"is.na" "which" ".pd_check_data_impl" ".pd_standardize_data_impl" "<Anonymous>" "run" "system.time" 
120056 :"which" ".pd_check_data_impl" ".pd_standardize_data_impl" "<Anonymous>" "run" "system.time" 
120048 :"is.na" "which" ".pd_check_data_impl" ".pd_standardize_data_impl" "<Anonymous>" "run" "system.time" 
120056 :"which" ".pd_check_data_impl" ".pd_standardize_data_impl" "<Anonymous>" "run" "system.time" 
new page:"[[.data.frame" "[[" "which" ".pd_check_data_impl" ".pd_standardize_data_impl" "<Anonymous>" "run" "system.time" 
120048 :"is.na" "which" ".pd_check_data_impl" ".pd_standardize_data_impl" "<Anonymous>" "run" "system.time" 
120056 :"which" ".pd_check_data_impl" ".pd_standardize_data_impl" "<Anonymous>" "run" "system.time" 
new page:"structure" "as.data.frame.vector" "as.data.frame.character" "as.data.frame" "data.frame" "add_check" ".pd_check_data_impl" ".pd_standardize_data_impl" "<Anonymous>" "run" "system.time" 
new page:".deparseOpts" "deparse" "mode" "%in%" "deparse" "paste" "deparse1" "force" "as.data.frame.logical" "as.data.frame" "data.frame" "add_check" ".pd_check_data_impl" ".pd_standardize_data_impl" "<Anonymous>" "run" "system.time" 
new page:".deparseOpts" "deparse" "paste" "deparse1" "force" "as.data.frame.logical" "as.data.frame" "data.frame" "add_check" ".pd_check_data_impl" ".pd_standardize_data_impl" "<Anonymous>" "run" "system.time" 
new page:"length" "data.frame" "add_check" ".pd_check_data_impl" ".pd_standardize_data_impl" "<Anonymous>" "run" "system.time" 
120048 :"order" ".pd_check_data_impl" ".pd_standardize_data_impl" "<Anonymous>" "run" "system.time" 
240048 :"order" ".pd_check_data_impl" ".pd_standardize_data_impl" "<Anonymous>" "run" "system.time" 
120048 :"order" ".pd_check_data_impl" ".pd_standardize_data_impl" "<Anonymous>" "run" "system.time" 
120048 :".pd_check_data_impl" ".pd_standardize_data_impl" "<Anonymous>" "run" "system.time" 
new page:"stopifnot" "all.equal.numeric" "all.equal" "isTRUE" "isTRUE" "data.frame" "add_check" ".pd_check_data_impl" ".pd_standardize_data_impl" "<Anonymous>" "run" "system.time" 
new page:"is.expression" "mode" "%in%" "deparse" "mode" "%in%" "deparse" "paste" "deparse1" "force" "as.data.frame.logical" "as.data.frame" "data.frame" "add_check" ".pd_check_data_impl" ".pd_standardize_data_impl" "<Anonymous>" "run" "system.time" 
new page:".deparseOpts" "deparse" "paste" "deparse1" "force" "as.data.frame.logical" "as.data.frame" "data.frame" "add_check" ".pd_check_data_impl" ".pd_standardize_data_impl" "<Anonymous>" "run" "system.time" 
new page:"structure" "as.data.frame.logical" "as.data.frame" "data.frame" "add_check" ".pd_check_data_impl" ".pd_standardize_data_impl" "<Anonymous>" "run" "system.time" 
new page:"match.arg" "order" "make.names" "data.frame" "add_check" ".pd_check_data_impl" ".pd_standardize_data_impl" "<Anonymous>" "run" "system.time" 
240048 :"as.numeric" "unique" "sort" ".pd_is_consecutive_integer_id" ".pd_check_data_impl" ".pd_standardize_data_impl" "<Anonymous>" "run" "system.time" 
262192 :"unique.default" "unique" "sort" ".pd_is_consecutive_integer_id" ".pd_check_data_impl" ".pd_standardize_data_impl" "<Anonymous>" "run" "system.time" 
120048 :"unique.default" "unique" "sort" ".pd_is_consecutive_integer_id" ".pd_check_data_impl" ".pd_standardize_data_impl" "<Anonymous>" "run" "system.time" 
80048 :"unique.default" "unique" "sort" ".pd_is_consecutive_integer_id" ".pd_check_data_impl" ".pd_standardize_data_impl" "<Anonymous>" "run" "system.time" 
40048 :"order" "sort.int" "sort.default" "sort" ".pd_is_consecutive_integer_id" ".pd_check_data_impl" ".pd_standardize_data_impl" "<Anonymous>" "run" "system.time" 
80048 :"sort.int" "sort.default" "sort" ".pd_is_consecutive_integer_id" ".pd_check_data_impl" ".pd_standardize_data_impl" "<Anonymous>" "run" "system.time" 
40048 :"is.na" "all.equal.numeric" "all.equal" "isTRUE" ".pd_is_consecutive_integer_id" ".pd_check_data_impl" ".pd_standardize_data_impl" "<Anonymous>" "run" "system.time" 
40048 :"is.na" "all.equal.numeric" "all.equal" "isTRUE" ".pd_is_consecutive_integer_id" ".pd_check_data_impl" ".pd_standardize_data_impl" "<Anonymous>" "run" "system.time" 
40048 :"all.equal.numeric" "all.equal" "isTRUE" ".pd_is_consecutive_integer_id" ".pd_check_data_impl" ".pd_standardize_data_impl" "<Anonymous>" "run" "system.time" 
40048 :"all.equal.numeric" "all.equal" "isTRUE" ".pd_is_consecutive_integer_id" ".pd_check_data_impl" ".pd_standardize_data_impl" "<Anonymous>" "run" "system.time" 
80048 :"all.equal.numeric" "all.equal" "isTRUE" ".pd_is_consecutive_integer_id" ".pd_check_data_impl" ".pd_standardize_data_impl" "<Anonymous>" "run" "system.time" 
40048 :"all.equal.numeric" "all.equal" "isTRUE" ".pd_is_consecutive_integer_id" ".pd_check_data_impl" ".pd_standardize_data_impl" "<Anonymous>" "run" "system.time" 
new page:"nargs" "[[.data.frame" "[[" "paste" "paste" "data.frame" "add_check" ".pd_check_data_impl" ".pd_standardize_data_impl" "<Anonymous>" "run" "system.time" 
new page:"structure" "as.data.frame.logical" "as.data.frame" "data.frame" "add_check" ".pd_check_data_impl" ".pd_standardize_data_impl" "<Anonymous>" "run" "system.time" 
new page:"%in%" "deparse" "mode" "%in%" "deparse" "paste" "deparse1" "force" "as.data.frame.logical" "as.data.frame" "data.frame" "add_check" ".pd_check_data_impl" ".pd_standardize_data_impl" "<Anonymous>" "run" "system.time" 
new page:"-" "deparse" "paste" "deparse1" "as.data.frame.character" "as.data.frame" "data.frame" "add_check" ".pd_check_data_impl" ".pd_standardize_data_impl" "<Anonymous>" "run" "system.time" 
120048 :"which" ".pd_check_data_impl" ".pd_standardize_data_impl" "<Anonymous>" "run" "system.time" 
120048 :"is.na" "which" ".pd_check_data_impl" ".pd_standardize_data_impl" "<Anonymous>" "run" "system.time" 
120048 :"which" ".pd_check_data_impl" ".pd_standardize_data_impl" "<Anonymous>" "run" "system.time" 
120048 :"which" ".pd_check_data_impl" ".pd_standardize_data_impl" "<Anonymous>" "run" "system.time" 
120056 :"which" ".pd_check_data_impl" ".pd_standardize_data_impl" "<Anonymous>" "run" "system.time" 
40048 :"which" ".pd_check_data_impl" ".pd_standardize_data_impl" "<Anonymous>" "run" "system.time" 
40048 :".pd_check_data_impl" ".pd_standardize_data_impl" "<Anonymous>" "run" "system.time" 
40048 :"is.factor" ".pd_key" ".pd_check_data_impl" ".pd_standardize_data_impl" "<Anonymous>" "run" "system.time" 
new page:"is.factor" ".pd_key" ".pd_check_data_impl" ".pd_standardize_data_impl" "<Anonymous>" "run" "system.time" 
131120 :"duplicated.default" "duplicated" ".pd_check_data_impl" ".pd_standardize_data_impl" "<Anonymous>" "run" "system.time" 
80048 :"duplicated.default" "duplicated" ".pd_check_data_impl" ".pd_standardize_data_impl" "<Anonymous>" "run" "system.time" 
40048 :"duplicated.default" "duplicated" ".pd_check_data_impl" ".pd_standardize_data_impl" "<Anonymous>" "run" "system.time" 
40048 :".pd_check_data_impl" ".pd_standardize_data_impl" "<Anonymous>" "run" "system.time" 
40056 :"factor" "table" ".pd_check_data_impl" ".pd_standardize_data_impl" "<Anonymous>" "run" "system.time" 
40048 :"factor" "table" ".pd_check_data_impl" ".pd_standardize_data_impl" "<Anonymous>" "run" "system.time" 
40048 :"factor" "table" ".pd_check_data_impl" ".pd_standardize_data_impl" "<Anonymous>" "run" "system.time" 
80048 :"factor" "table" ".pd_check_data_impl" ".pd_standardize_data_impl" "<Anonymous>" "run" "system.time" 
80048 :"factor" "table" ".pd_check_data_impl" ".pd_standardize_data_impl" "<Anonymous>" "run" "system.time" 
40048 :"factor" "table" ".pd_check_data_impl" ".pd_standardize_data_impl" "<Anonymous>" "run" "system.time" 
40048 :"as.integer" "table" ".pd_check_data_impl" ".pd_standardize_data_impl" "<Anonymous>" "run" "system.time" 
40048 :"table" ".pd_check_data_impl" ".pd_standardize_data_impl" "<Anonymous>" "run" "system.time" 
40048 :"is.na" "table" ".pd_check_data_impl" ".pd_standardize_data_impl" "<Anonymous>" "run" "system.time" 
40048 :"table" ".pd_check_data_impl" ".pd_standardize_data_impl" "<Anonymous>" "run" "system.time" 
40056 :"table" ".pd_check_data_impl" ".pd_standardize_data_impl" "<Anonymous>" "run" "system.time" 
40048 :"table" ".pd_check_data_impl" ".pd_standardize_data_impl" "<Anonymous>" "run" "system.time" 
40048 :"table" ".pd_check_data_impl" ".pd_standardize_data_impl" "<Anonymous>" "run" "system.time" 
40048 :"table" ".pd_check_data_impl" ".pd_standardize_data_impl" "<Anonymous>" "run" "system.time" 
new page:".deparseOpts" "deparse" "paste" "deparse1" "force" "as.data.frame.integer" "as.data.frame" "data.frame" ".pd_check_data_impl" ".pd_standardize_data_impl" "<Anonymous>" "run" "system.time" 
new page:"length" "isTRUE" "data.frame" "add_check" ".pd_check_data_impl" ".pd_standardize_data_impl" "<Anonymous>" "run" "system.time" 
new page:"paste" "deparse1" "force" "as.data.frame.logical" "as.data.frame" "data.frame" "add_check" ".pd_check_data_impl" ".pd_standardize_data_impl" "<Anonymous>" "run" "system.time" 
new page:"is.list" "data.frame" "add_check" ".pd_check_data_impl" ".pd_standardize_data_impl" "<Anonymous>" "run" "system.time" 
new page:"mode" "%in%" "deparse" "paste" "deparse1" "as.data.frame.character" "as.data.frame" "data.frame" "add_check" ".pd_check_data_impl" ".pd_standardize_data_impl" "<Anonymous>" "run" "system.time" 
new page:"vapply" ".pd_check_data_impl" ".pd_standardize_data_impl" "<Anonymous>" "run" "system.time" 
120048 :"is.na" "na.omit.default" "<Anonymous>" ".pd_near_zero_variation" "FUN" "vapply" ".pd_check_data_impl" ".pd_standardize_data_impl" "<Anonymous>" "run" "system.time" 
120056 :"na.omit.default" "<Anonymous>" ".pd_near_zero_variation" "FUN" "vapply" ".pd_check_data_impl" ".pd_standardize_data_impl" "<Anonymous>" "run" "system.time" 
262192 :"unique.default" "unique" "factor" "table" "sort" ".pd_near_zero_variation" "FUN" "vapply" ".pd_check_data_impl" ".pd_standardize_data_impl" "<Anonymous>" "run" "system.time" 
120048 :"unique.default" "unique" "factor" "table" "sort" ".pd_near_zero_variation" "FUN" "vapply" ".pd_check_data_impl" ".pd_standardize_data_impl" "<Anonymous>" "run" "system.time" 
29592 :"unique.default" "unique" "factor" "table" "sort" ".pd_near_zero_variation" "FUN" "vapply" ".pd_check_data_impl" ".pd_standardize_data_impl" "<Anonymous>" "run" "system.time" 
14824 :"order" "factor" "table" "sort" ".pd_near_zero_variation" "FUN" "vapply" ".pd_check_data_impl" ".pd_standardize_data_impl" "<Anonymous>" "run" "system.time" 
29592 :"unique" "factor" "table" "sort" ".pd_near_zero_variation" "FUN" "vapply" ".pd_check_data_impl" ".pd_standardize_data_impl" "<Anonymous>" "run" "system.time" 
32816 :"unique.default" "unique" "factor" "table" "sort" ".pd_near_zero_variation" "FUN" "vapply" ".pd_check_data_impl" ".pd_standardize_data_impl" "<Anonymous>" "run" "system.time" 
29592 :"unique.default" "unique" "factor" "table" "sort" ".pd_near_zero_variation" "FUN" "vapply" ".pd_check_data_impl" ".pd_standardize_data_impl" "<Anonymous>" "run" "system.time" 
new page:"unique.default" "unique" "factor" "table" "sort" ".pd_near_zero_variation" "FUN" "vapply" ".pd_check_data_impl" ".pd_standardize_data_impl" "<Anonymous>" "run" "system.time" 
new page:"unique.default" "unique" "factor" "table" "sort" ".pd_near_zero_variation" "FUN" "vapply" ".pd_check_data_impl" ".pd_standardize_data_impl" "<Anonymous>" "run" "system.time" 
new page:"unique.default" "unique" "factor" "table" "sort" ".pd_near_zero_variation" "FUN" "vapply" ".pd_check_data_impl" ".pd_standardize_data_impl" "<Anonymous>" "run" "system.time" 
new page:"unique.default" "unique" "factor" "table" "sort" ".pd_near_zero_variation" "FUN" "vapply" ".pd_check_data_impl" ".pd_standardize_data_impl" "<Anonymous>" "run" "system.time" 
new page:"unique.default" "unique" "factor" "table" "sort" ".pd_near_zero_variation" "FUN" "vapply" ".pd_check_data_impl" ".pd_standardize_data_impl" "<Anonymous>" "run" "system.time" 
new page:"unique.default" "unique" "factor" "table" "sort" ".pd_near_zero_variation" "FUN" "vapply" ".pd_check_data_impl" ".pd_standardize_data_impl" "<Anonymous>" "run" "system.time" 
new page:"unique.default" "unique" "factor" "table" "sort" ".pd_near_zero_variation" "FUN" "vapply" ".pd_check_data_impl" ".pd_standardize_data_impl" "<Anonymous>" "run" "system.time" 
new page:"unique.default" "unique" "factor" "table" "sort" ".pd_near_zero_variation" "FUN" "vapply" ".pd_check_data_impl" ".pd_standardize_data_impl" "<Anonymous>" "run" "system.time" 
new page:"unique.default" "unique" "factor" "table" "sort" ".pd_near_zero_variation" "FUN" "vapply" ".pd_check_data_impl" ".pd_standardize_data_impl" "<Anonymous>" "run" "system.time" 
new page:"unique.default" "unique" "factor" "table" "sort" ".pd_near_zero_variation" "FUN" "vapply" ".pd_check_data_impl" ".pd_standardize_data_impl" "<Anonymous>" "run" "system.time" 
new page:"unique.default" "unique" "factor" "table" "sort" ".pd_near_zero_variation" "FUN" "vapply" ".pd_check_data_impl" ".pd_standardize_data_impl" "<Anonymous>" "run" "system.time" 
new page:"unique.default" "unique" "factor" "table" "sort" ".pd_near_zero_variation" "FUN" "vapply" ".pd_check_data_impl" ".pd_standardize_data_impl" "<Anonymous>" "run" "system.time" 
new page:"unique.default" "unique" "factor" "table" "sort" ".pd_near_zero_variation" "FUN" "vapply" ".pd_check_data_impl" ".pd_standardize_data_impl" "<Anonymous>" "run" "system.time" 
new page:"unique.default" "unique" "factor" "table" "sort" ".pd_near_zero_variation" "FUN" "vapply" ".pd_check_data_impl" ".pd_standardize_data_impl" "<Anonymous>" "run" "system.time" 
new page:"unique.default" "unique" "factor" "table" "sort" ".pd_near_zero_variation" "FUN" "vapply" ".pd_check_data_impl" ".pd_standardize_data_impl" "<Anonymous>" "run" "system.time" 
new page:"unique.default" "unique" "factor" "table" "sort" ".pd_near_zero_variation" "FUN" "vapply" ".pd_check_data_impl" ".pd_standardize_data_impl" "<Anonymous>" "run" "system.time" 
new page:"unique.default" "unique" "factor" "table" "sort" ".pd_near_zero_variation" "FUN" "vapply" ".pd_check_data_impl" ".pd_standardize_data_impl" "<Anonymous>" "run" "system.time" 
new page:"unique.default" "unique" "factor" "table" "sort" ".pd_near_zero_variation" "FUN" "vapply" ".pd_check_data_impl" ".pd_standardize_data_impl" "<Anonymous>" "run" "system.time" 
new page:"unique.default" "unique" "factor" "table" "sort" ".pd_near_zero_variation" "FUN" "vapply" ".pd_check_data_impl" ".pd_standardize_data_impl" "<Anonymous>" "run" "system.time" 
new page:"unique.default" "unique" "factor" "table" "sort" ".pd_near_zero_variation" "FUN" "vapply" ".pd_check_data_impl" ".pd_standardize_data_impl" "<Anonymous>" "run" "system.time" 
new page:"unique.default" "unique" "factor" "table" "sort" ".pd_near_zero_variation" "FUN" "vapply" ".pd_check_data_impl" ".pd_standardize_data_impl" "<Anonymous>" "run" "system.time" 
new page:"unique.default" "unique" "factor" "table" "sort" ".pd_near_zero_variation" "FUN" "vapply" ".pd_check_data_impl" ".pd_standardize_data_impl" "<Anonymous>" "run" "system.time" 
new page:"unique.default" "unique" "factor" "table" "sort" ".pd_near_zero_variation" "FUN" "vapply" ".pd_check_data_impl" ".pd_standardize_data_impl" "<Anonymous>" "run" "system.time" 
new page:"unique.default" "unique" "factor" "table" "sort" ".pd_near_zero_variation" "FUN" "vapply" ".pd_check_data_impl" ".pd_standardize_data_impl" "<Anonymous>" "run" "system.time" 
new page:"unique.default" "unique" "factor" "table" "sort" ".pd_near_zero_variation" "FUN" "vapply" ".pd_check_data_impl" ".pd_standardize_data_impl" "<Anonymous>" "run" "system.time" 
new page:"unique.default" "unique" "factor" "table" "sort" ".pd_near_zero_variation" "FUN" "vapply" ".pd_check_data_impl" ".pd_standardize_data_impl" "<Anonymous>" "run" "system.time" 
14824 :"unique.default" "unique" "factor" "table" "sort" ".pd_near_zero_variation" "FUN" "vapply" ".pd_check_data_impl" ".pd_standardize_data_impl" "<Anonymous>" "run" "system.time" 
29592 :"unique.default" "unique" "factor" "table" "sort" ".pd_near_zero_variation" "FUN" "vapply" ".pd_check_data_impl" ".pd_standardize_data_impl" "<Anonymous>" "run" "system.time" 
29592 :"factor" "table" "sort" ".pd_near_zero_variation" "FUN" "vapply" ".pd_check_data_impl" ".pd_standardize_data_impl" "<Anonymous>" "run" "system.time" 
14824 :"factor" "table" "sort" ".pd_near_zero_variation" "FUN" "vapply" ".pd_check_data_impl" ".pd_standardize_data_impl" "<Anonymous>" "run" "system.time" 
14824 :"is.na" "factor" "table" "sort" ".pd_near_zero_variation" "FUN" "vapply" ".pd_check_data_impl" ".pd_standardize_data_impl" "<Anonymous>" "run" "system.time" 
14824 :"factor" "table" "sort" ".pd_near_zero_variation" "FUN" "vapply" ".pd_check_data_impl" ".pd_standardize_data_impl" "<Anonymous>" "run" "system.time" 
14824 :"factor" "table" "sort" ".pd_near_zero_variation" "FUN" "vapply" ".pd_check_data_impl" ".pd_standardize_data_impl" "<Anonymous>" "run" "system.time" 
29592 :"factor" "table" "sort" ".pd_near_zero_variation" "FUN" "vapply" ".pd_check_data_impl" ".pd_standardize_data_impl" "<Anonymous>" "run" "system.time" 
240048 :"factor" "table" "sort" ".pd_near_zero_variation" "FUN" "vapply" ".pd_check_data_impl" ".pd_standardize_data_impl" "<Anonymous>" "run" "system.time" 
240048 :"factor" "table" "sort" ".pd_near_zero_variation" "FUN" "vapply" ".pd_check_data_impl" ".pd_standardize_data_impl" "<Anonymous>" "run" "system.time" 
29592 :"factor" "table" "sort" ".pd_near_zero_variation" "FUN" "vapply" ".pd_check_data_impl" ".pd_standardize_data_impl" "<Anonymous>" "run" "system.time" 
32816 :"factor" "table" "sort" ".pd_near_zero_variation" "FUN" "vapply" ".pd_check_data_impl" ".pd_standardize_data_impl" "<Anonymous>" "run" "system.time" 
120048 :"factor" "table" "sort" ".pd_near_zero_variation" "FUN" "vapply" ".pd_check_data_impl" ".pd_standardize_data_impl" "<Anonymous>" "run" "system.time" 
32816 :"factor" "table" "sort" ".pd_near_zero_variation" "FUN" "vapply" ".pd_check_data_impl" ".pd_standardize_data_impl" "<Anonymous>" "run" "system.time" 
120048 :"as.integer" "table" "sort" ".pd_near_zero_variation" "FUN" "vapply" ".pd_check_data_impl" ".pd_standardize_data_impl" "<Anonymous>" "run" "system.time" 
29592 :"as.integer" "table" "sort" ".pd_near_zero_variation" "FUN" "vapply" ".pd_check_data_impl" ".pd_standardize_data_impl" "<Anonymous>" "run" "system.time" 
120048 :"table" "sort" ".pd_near_zero_variation" "FUN" "vapply" ".pd_check_data_impl" ".pd_standardize_data_impl" "<Anonymous>" "run" "system.time" 
120048 :"is.na" "table" "sort" ".pd_near_zero_variation" "FUN" "vapply" ".pd_check_data_impl" ".pd_standardize_data_impl" "<Anonymous>" "run" "system.time" 
120048 :"table" "sort" ".pd_near_zero_variation" "FUN" "vapply" ".pd_check_data_impl" ".pd_standardize_data_impl" "<Anonymous>" "run" "system.time" 
120056 :"table" "sort" ".pd_near_zero_variation" "FUN" "vapply" ".pd_check_data_impl" ".pd_standardize_data_impl" "<Anonymous>" "run" "system.time" 
120048 :"table" "sort" ".pd_near_zero_variation" "FUN" "vapply" ".pd_check_data_impl" ".pd_standardize_data_impl" "<Anonymous>" "run" "system.time" 
120048 :"table" "sort" ".pd_near_zero_variation" "FUN" "vapply" ".pd_check_data_impl" ".pd_standardize_data_impl" "<Anonymous>" "run" "system.time" 
120048 :"table" "sort" ".pd_near_zero_variation" "FUN" "vapply" ".pd_check_data_impl" ".pd_standardize_data_impl" "<Anonymous>" "run" "system.time" 
14824 :"tabulate" "array" "table" "sort" ".pd_near_zero_variation" "FUN" "vapply" ".pd_check_data_impl" ".pd_standardize_data_impl" "<Anonymous>" "run" "system.time" 
14824 :"array" "table" "sort" ".pd_near_zero_variation" "FUN" "vapply" ".pd_check_data_impl" ".pd_standardize_data_impl" "<Anonymous>" "run" "system.time" 
14824 :"as.vector" "FUN" "lapply" "order" "NextMethod" "[.table" "[" "sort.default" "sort" ".pd_near_zero_variation" "FUN" "vapply" ".pd_check_data_impl" ".pd_standardize_data_impl" "<Anonymous>" "run" "system.time" 
29592 :"as.vector" "FUN" "lapply" "order" "NextMethod" "[.table" "[" "sort.default" "sort" ".pd_near_zero_variation" "FUN" "vapply" ".pd_check_data_impl" ".pd_standardize_data_impl" "<Anonymous>" "run" "system.time" 
29592 :"as.vector" "FUN" "lapply" "order" "NextMethod" "[.table" "[" "sort.default" "sort" ".pd_near_zero_variation" "FUN" "vapply" ".pd_check_data_impl" ".pd_standardize_data_impl" "<Anonymous>" "run" "system.time" 
new page:"vapply" "order" "do.call" "order" "NextMethod" "[.table" "[" "sort.default" "sort" ".pd_near_zero_variation" "FUN" "vapply" ".pd_check_data_impl" ".pd_standardize_data_impl" "<Anonymous>" "run" "system.time" 
14824 :"order" "do.call" "order" "NextMethod" "[.table" "[" "sort.default" "sort" ".pd_near_zero_variation" "FUN" "vapply" ".pd_check_data_impl" ".pd_standardize_data_impl" "<Anonymous>" "run" "system.time" 
14824 :"NextMethod" "[.table" "[" "sort.default" "sort" ".pd_near_zero_variation" "FUN" "vapply" ".pd_check_data_impl" ".pd_standardize_data_impl" "<Anonymous>" "run" "system.time" 
29592 :"NextMethod" "[.table" "[" "sort.default" "sort" ".pd_near_zero_variation" "FUN" "vapply" ".pd_check_data_impl" ".pd_standardize_data_impl" "<Anonymous>" "run" "system.time" 
29592 :"NextMethod" "[.table" "[" "sort.default" "sort" ".pd_near_zero_variation" "FUN" "vapply" ".pd_check_data_impl" ".pd_standardize_data_impl" "<Anonymous>" "run" "system.time" 
120048 :"is.na" "na.omit.default" "<Anonymous>" ".pd_near_zero_variation" "FUN" "vapply" ".pd_check_data_impl" ".pd_standardize_data_impl" "<Anonymous>" "run" "system.time" 
120056 :"na.omit.default" "<Anonymous>" ".pd_near_zero_variation" "FUN" "vapply" ".pd_check_data_impl" ".pd_standardize_data_impl" "<Anonymous>" "run" "system.time" 
262192 :"unique.default" "unique" "factor" "table" "sort" ".pd_near_zero_variation" "FUN" "vapply" ".pd_check_data_impl" ".pd_standardize_data_impl" "<Anonymous>" "run" "system.time" 
120048 :"unique.default" "unique" "factor" "table" "sort" ".pd_near_zero_variation" "FUN" "vapply" ".pd_check_data_impl" ".pd_standardize_data_impl" "<Anonymous>" "run" "system.time" 
29344 :"unique.default" "unique" "factor" "table" "sort" ".pd_near_zero_variation" "FUN" "vapply" ".pd_check_data_impl" ".pd_standardize_data_impl" "<Anonymous>" "run" "system.time" 
14696 :"order" "factor" "table" "sort" ".pd_near_zero_variation" "FUN" "vapply" ".pd_check_data_impl" ".pd_standardize_data_impl" "<Anonymous>" "run" "system.time" 
29344 :"unique" "factor" "table" "sort" ".pd_near_zero_variation" "FUN" "vapply" ".pd_check_data_impl" ".pd_standardize_data_impl" "<Anonymous>" "run" "system.time" 
32816 :"unique.default" "unique" "factor" "table" "sort" ".pd_near_zero_variation" "FUN" "vapply" ".pd_check_data_impl" ".pd_standardize_data_impl" "<Anonymous>" "run" "system.time" 
29344 :"unique.default" "unique" "factor" "table" "sort" ".pd_near_zero_variation" "FUN" "vapply" ".pd_check_data_impl" ".pd_standardize_data_impl" "<Anonymous>" "run" "system.time" 
new page:"unique.default" "unique" "factor" "table" "sort" ".pd_near_zero_variation" "FUN" "vapply" ".pd_check_data_impl" ".pd_standardize_data_impl" "<Anonymous>" "run" "system.time" 
new page:"unique.default" "unique" "factor" "table" "sort" ".pd_near_zero_variation" "FUN" "vapply" ".pd_check_data_impl" ".pd_standardize_data_impl" "<Anonymous>" "run" "system.time" 
new page:"unique.default" "unique" "factor" "table" "sort" ".pd_near_zero_variation" "FUN" "vapply" ".pd_check_data_impl" ".pd_standardize_data_impl" "<Anonymous>" "run" "system.time" 
new page:"unique.default" "unique" "factor" "table" "sort" ".pd_near_zero_variation" "FUN" "vapply" ".pd_check_data_impl" ".pd_standardize_data_impl" "<Anonymous>" "run" "system.time" 
new page:"unique.default" "unique" "factor" "table" "sort" ".pd_near_zero_variation" "FUN" "vapply" ".pd_check_data_impl" ".pd_standardize_data_impl" "<Anonymous>" "run" "system.time" 
new page:"unique.default" "unique" "factor" "table" "sort" ".pd_near_zero_variation" "FUN" "vapply" ".pd_check_data_impl" ".pd_standardize_data_impl" "<Anonymous>" "run" "system.time" 
14696 :"unique.default" "unique" "factor" "table" "sort" ".pd_near_zero_variation" "FUN" "vapply" ".pd_check_data_impl" ".pd_standardize_data_impl" "<Anonymous>" "run" "system.time" 
29344 :"unique.default" "unique" "factor" "table" "sort" ".pd_near_zero_variation" "FUN" "vapply" ".pd_check_data_impl" ".pd_standardize_data_impl" "<Anonymous>" "run" "system.time" 
29344 :"factor" "table" "sort" ".pd_near_zero_variation" "FUN" "vapply" ".pd_check_data_impl" ".pd_standardize_data_impl" "<Anonymous>" "run" "system.time" 
14696 :"factor" "table" "sort" ".pd_near_zero_variation" "FUN" "vapply" ".pd_check_data_impl" ".pd_standardize_data_impl" "<Anonymous>" "run" "system.time" 
14696 :"is.na" "factor" "table" "sort" ".pd_near_zero_variation" "FUN" "vapply" ".pd_check_data_impl" ".pd_standardize_data_impl" "<Anonymous>" "run" "system.time" 
14704 :"factor" "table" "sort" ".pd_near_zero_variation" "FUN" "vapply" ".pd_check_data_impl" ".pd_standardize_data_impl" "<Anonymous>" "run" "system.time" 
14696 :"factor" "table" "sort" ".pd_near_zero_variation" "FUN" "vapply" ".pd_check_data_impl" ".pd_standardize_data_impl" "<Anonymous>" "run" "system.time" 
29344 :"factor" "table" "sort" ".pd_near_zero_variation" "FUN" "vapply" ".pd_check_data_impl" ".pd_standardize_data_impl" "<Anonymous>" "run" "system.time" 
240048 :"factor" "table" "sort" ".pd_near_zero_variation" "FUN" "vapply" ".pd_check_data_impl" ".pd_standardize_data_impl" "<Anonymous>" "run" "system.time" 
240048 :"factor" "table" "sort" ".pd_near_zero_variation" "FUN" "vapply" ".pd_check_data_impl" ".pd_standardize_data_impl" "<Anonymous>" "run" "system.time" 
29344 :"factor" "table" "sort" ".pd_near_zero_variation" "FUN" "vapply" ".pd_check_data_impl" ".pd_standardize_data_impl" "<Anonymous>" "run" "system.time" 
32816 :"factor" "table" "sort" ".pd_near_zero_variation" "FUN" "vapply" ".pd_check_data_impl" ".pd_standardize_data_impl" "<Anonymous>" "run" "system.time" 
120048 :"factor" "table" "sort" ".pd_near_zero_variation" "FUN" "vapply" ".pd_check_data_impl" ".pd_standardize_data_impl" "<Anonymous>" "run" "system.time" 
32816 :"factor" "table" "sort" ".pd_near_zero_variation" "FUN" "vapply" ".pd_check_data_impl" ".pd_standardize_data_impl" "<Anonymous>" "run" "system.time" 
120048 :"as.integer" "table" "sort" ".pd_near_zero_variation" "FUN" "vapply" ".pd_check_data_impl" ".pd_standardize_data_impl" "<Anonymous>" "run" "system.time" 
29344 :"as.integer" "table" "sort" ".pd_near_zero_variation" "FUN" "vapply" ".pd_check_data_impl" ".pd_standardize_data_impl" "<Anonymous>" "run" "system.time" 
120048 :"table" "sort" ".pd_near_zero_variation" "FUN" "vapply" ".pd_check_data_impl" ".pd_standardize_data_impl" "<Anonymous>" "run" "system.time" 
120048 :"is.na" "table" "sort" ".pd_near_zero_variation" "FUN" "vapply" ".pd_check_data_impl" ".pd_standardize_data_impl" "<Anonymous>" "run" "system.time" 
120048 :"table" "sort" ".pd_near_zero_variation" "FUN" "vapply" ".pd_check_data_impl" ".pd_standardize_data_impl" "<Anonymous>" "run" "system.time" 
120056 :"table" "sort" ".pd_near_zero_variation" "FUN" "vapply" ".pd_check_data_impl" ".pd_standardize_data_impl" "<Anonymous>" "run" "system.time" 
120048 :"table" "sort" ".pd_near_zero_variation" "FUN" "vapply" ".pd_check_data_impl" ".pd_standardize_data_impl" "<Anonymous>" "run" "system.time" 
120048 :"table" "sort" ".pd_near_zero_variation" "FUN" "vapply" ".pd_check_data_impl" ".pd_standardize_data_impl" "<Anonymous>" "run" "system.time" 
120048 :"table" "sort" ".pd_near_zero_variation" "FUN" "vapply" ".pd_check_data_impl" ".pd_standardize_data_impl" "<Anonymous>" "run" "system.time" 
14696 :"tabulate" "array" "table" "sort" ".pd_near_zero_variation" "FUN" "vapply" ".pd_check_data_impl" ".pd_standardize_data_impl" "<Anonymous>" "run" "system.time" 
14696 :"array" "table" "sort" ".pd_near_zero_variation" "FUN" "vapply" ".pd_check_data_impl" ".pd_standardize_data_impl" "<Anonymous>" "run" "system.time" 
14696 :"as.vector" "FUN" "lapply" "order" "NextMethod" "[.table" "[" "sort.default" "sort" ".pd_near_zero_variation" "FUN" "vapply" ".pd_check_data_impl" ".pd_standardize_data_impl" "<Anonymous>" "run" "system.time" 
29344 :"as.vector" "FUN" "lapply" "order" "NextMethod" "[.table" "[" "sort.default" "sort" ".pd_near_zero_variation" "FUN" "vapply" ".pd_check_data_impl" ".pd_standardize_data_impl" "<Anonymous>" "run" "system.time" 
29344 :"as.vector" "FUN" "lapply" "order" "NextMethod" "[.table" "[" "sort.default" "sort" ".pd_near_zero_variation" "FUN" "vapply" ".pd_check_data_impl" ".pd_standardize_data_impl" "<Anonymous>" "run" "system.time" 
14696 :"order" "do.call" "order" "NextMethod" "[.table" "[" "sort.default" "sort" ".pd_near_zero_variation" "FUN" "vapply" ".pd_check_data_impl" ".pd_standardize_data_impl" "<Anonymous>" "run" "system.time" 
14696 :"NextMethod" "[.table" "[" "sort.default" "sort" ".pd_near_zero_variation" "FUN" "vapply" ".pd_check_data_impl" ".pd_standardize_data_impl" "<Anonymous>" "run" "system.time" 
29344 :"NextMethod" "[.table" "[" "sort.default" "sort" ".pd_near_zero_variation" "FUN" "vapply" ".pd_check_data_impl" ".pd_standardize_data_impl" "<Anonymous>" "run" "system.time" 
29344 :"NextMethod" "[.table" "[" "sort.default" "sort" ".pd_near_zero_variation" "FUN" "vapply" ".pd_check_data_impl" ".pd_standardize_data_impl" "<Anonymous>" "run" "system.time" 
new page:"NextMethod" "[.table" "[" ".pd_near_zero_variation" "FUN" "vapply" ".pd_check_data_impl" ".pd_standardize_data_impl" "<Anonymous>" "run" "system.time" 
120048 :"is.na" "na.omit.default" "<Anonymous>" ".pd_near_zero_variation" "FUN" "vapply" ".pd_check_data_impl" ".pd_standardize_data_impl" "<Anonymous>" "run" "system.time" 
120056 :"na.omit.default" "<Anonymous>" ".pd_near_zero_variation" "FUN" "vapply" ".pd_check_data_impl" ".pd_standardize_data_impl" "<Anonymous>" "run" "system.time" 
262192 :"unique.default" "unique" "factor" "table" "sort" ".pd_near_zero_variation" "FUN" "vapply" ".pd_check_data_impl" ".pd_standardize_data_impl" "<Anonymous>" "run" "system.time" 
120048 :"unique.default" "unique" "factor" "table" "sort" ".pd_near_zero_variation" "FUN" "vapply" ".pd_check_data_impl" ".pd_standardize_data_impl" "<Anonymous>" "run" "system.time" 
29648 :"unique.default" "unique" "factor" "table" "sort" ".pd_near_zero_variation" "FUN" "vapply" ".pd_check_data_impl" ".pd_standardize_data_impl" "<Anonymous>" "run" "system.time" 
14848 :"order" "factor" "table" "sort" ".pd_near_zero_variation" "FUN" "vapply" ".pd_check_data_impl" ".pd_standardize_data_impl" "<Anonymous>" "run" "system.time" 
29648 :"unique" "factor" "table" "sort" ".pd_near_zero_variation" "FUN" "vapply" ".pd_check_data_impl" ".pd_standardize_data_impl" "<Anonymous>" "run" "system.time" 
32816 :"unique.default" "unique" "factor" "table" "sort" ".pd_near_zero_variation" "FUN" "vapply" ".pd_check_data_impl" ".pd_standardize_data_impl" "<Anonymous>" "run" "system.time" 
29648 :"unique.default" "unique" "factor" "table" "sort" ".pd_near_zero_variation" "FUN" "vapply" ".pd_check_data_impl" ".pd_standardize_data_impl" "<Anonymous>" "run" "system.time" 
new page:"unique.default" "unique" "factor" "table" "sort" ".pd_near_zero_variation" "FUN" "vapply" ".pd_check_data_impl" ".pd_standardize_data_impl" "<Anonymous>" "run" "system.time" 
new page:"unique.default" "unique" "factor" "table" "sort" ".pd_near_zero_variation" "FUN" "vapply" ".pd_check_data_impl" ".pd_standardize_data_impl" "<Anonymous>" "run" "system.time" 
new page:"unique.default" "unique" "factor" "table" "sort" ".pd_near_zero_variation" "FUN" "vapply" ".pd_check_data_impl" ".pd_standardize_data_impl" "<Anonymous>" "run" "system.time" 
14848 :"unique.default" "unique" "factor" "table" "sort" ".pd_near_zero_variation" "FUN" "vapply" ".pd_check_data_impl" ".pd_standardize_data_impl" "<Anonymous>" "run" "system.time" 
29648 :"unique.default" "unique" "factor" "table" "sort" ".pd_near_zero_variation" "FUN" "vapply" ".pd_check_data_impl" ".pd_standardize_data_impl" "<Anonymous>" "run" "system.time" 
29648 :"factor" "table" "sort" ".pd_near_zero_variation" "FUN" "vapply" ".pd_check_data_impl" ".pd_standardize_data_impl" "<Anonymous>" "run" "system.time" 
14848 :"factor" "table" "sort" ".pd_near_zero_variation" "FUN" "vapply" ".pd_check_data_impl" ".pd_standardize_data_impl" "<Anonymous>" "run" "system.time" 
14848 :"is.na" "factor" "table" "sort" ".pd_near_zero_variation" "FUN" "vapply" ".pd_check_data_impl" ".pd_standardize_data_impl" "<Anonymous>" "run" "system.time" 
14856 :"factor" "table" "sort" ".pd_near_zero_variation" "FUN" "vapply" ".pd_check_data_impl" ".pd_standardize_data_impl" "<Anonymous>" "run" "system.time" 
14848 :"factor" "table" "sort" ".pd_near_zero_variation" "FUN" "vapply" ".pd_check_data_impl" ".pd_standardize_data_impl" "<Anonymous>" "run" "system.time" 
29648 :"factor" "table" "sort" ".pd_near_zero_variation" "FUN" "vapply" ".pd_check_data_impl" ".pd_standardize_data_impl" "<Anonymous>" "run" "system.time" 
240048 :"factor" "table" "sort" ".pd_near_zero_variation" "FUN" "vapply" ".pd_check_data_impl" ".pd_standardize_data_impl" "<Anonymous>" "run" "system.time" 
240048 :"factor" "table" "sort" ".pd_near_zero_variation" "FUN" "vapply" ".pd_check_data_impl" ".pd_standardize_data_impl" "<Anonymous>" "run" "system.time" 
29648 :"factor" "table" "sort" ".pd_near_zero_variation" "FUN" "vapply" ".pd_check_data_impl" ".pd_standardize_data_impl" "<Anonymous>" "run" "system.time" 
32816 :"factor" "table" "sort" ".pd_near_zero_variation" "FUN" "vapply" ".pd_check_data_impl" ".pd_standardize_data_impl" "<Anonymous>" "run" "system.time" 
120048 :"factor" "table" "sort" ".pd_near_zero_variation" "FUN" "vapply" ".pd_check_data_impl" ".pd_standardize_data_impl" "<Anonymous>" "run" "system.time" 
32816 :"factor" "table" "sort" ".pd_near_zero_variation" "FUN" "vapply" ".pd_check_data_impl" ".pd_standardize_data_impl" "<Anonymous>" "run" "system.time" 
120048 :"as.integer" "table" "sort" ".pd_near_zero_variation" "FUN" "vapply" ".pd_check_data_impl" ".pd_standardize_data_impl" "<Anonymous>" "run" "system.time" 
29648 :"as.integer" "table" "sort" ".pd_near_zero_variation" "FUN" "vapply" ".pd_check_data_impl" ".pd_standardize_data_impl" "<Anonymous>" "run" "system.time" 
120048 :"table" "sort" ".pd_near_zero_variation" "FUN" "vapply" ".pd_check_data_impl" ".pd_standardize_data_impl" "<Anonymous>" "run" "system.time" 
120048 :"is.na" "table" "sort" ".pd_near_zero_variation" "FUN" "vapply" ".pd_check_data_impl" ".pd_standardize_data_impl" "<Anonymous>" "run" "system.time" 
120048 :"table" "sort" ".pd_near_zero_variation" "FUN" "vapply" ".pd_check_data_impl" ".pd_standardize_data_impl" "<Anonymous>" "run" "system.time" 
120056 :"table" "sort" ".pd_near_zero_variation" "FUN" "vapply" ".pd_check_data_impl" ".pd_standardize_data_impl" "<Anonymous>" "run" "system.time" 
120048 :"table" "sort" ".pd_near_zero_variation" "FUN" "vapply" ".pd_check_data_impl" ".pd_standardize_data_impl" "<Anonymous>" "run" "system.time" 
120048 :"table" "sort" ".pd_near_zero_variation" "FUN" "vapply" ".pd_check_data_impl" ".pd_standardize_data_impl" "<Anonymous>" "run" "system.time" 
120048 :"table" "sort" ".pd_near_zero_variation" "FUN" "vapply" ".pd_check_data_impl" ".pd_standardize_data_impl" "<Anonymous>" "run" "system.time" 
14848 :"tabulate" "array" "table" "sort" ".pd_near_zero_variation" "FUN" "vapply" ".pd_check_data_impl" ".pd_standardize_data_impl" "<Anonymous>" "run" "system.time" 
14848 :"array" "table" "sort" ".pd_near_zero_variation" "FUN" "vapply" ".pd_check_data_impl" ".pd_standardize_data_impl" "<Anonymous>" "run" "system.time" 
14848 :"as.vector" "FUN" "lapply" "order" "NextMethod" "[.table" "[" "sort.default" "sort" ".pd_near_zero_variation" "FUN" "vapply" ".pd_check_data_impl" ".pd_standardize_data_impl" "<Anonymous>" "run" "system.time" 
29648 :"as.vector" "FUN" "lapply" "order" "NextMethod" "[.table" "[" "sort.default" "sort" ".pd_near_zero_variation" "FUN" "vapply" ".pd_check_data_impl" ".pd_standardize_data_impl" "<Anonymous>" "run" "system.time" 
29648 :"as.vector" "FUN" "lapply" "order" "NextMethod" "[.table" "[" "sort.default" "sort" ".pd_near_zero_variation" "FUN" "vapply" ".pd_check_data_impl" ".pd_standardize_data_impl" "<Anonymous>" "run" "system.time" 
new page:"FUN" "vapply" "order" "do.call" "order" "NextMethod" "[.table" "[" "sort.default" "sort" ".pd_near_zero_variation" "FUN" "vapply" ".pd_check_data_impl" ".pd_standardize_data_impl" "<Anonymous>" "run" "system.time" 
14848 :"order" "do.call" "order" "NextMethod" "[.table" "[" "sort.default" "sort" ".pd_near_zero_variation" "FUN" "vapply" ".pd_check_data_impl" ".pd_standardize_data_impl" "<Anonymous>" "run" "system.time" 
14848 :"NextMethod" "[.table" "[" "sort.default" "sort" ".pd_near_zero_variation" "FUN" "vapply" ".pd_check_data_impl" ".pd_standardize_data_impl" "<Anonymous>" "run" "system.time" 
29648 :"NextMethod" "[.table" "[" "sort.default" "sort" ".pd_near_zero_variation" "FUN" "vapply" ".pd_check_data_impl" ".pd_standardize_data_impl" "<Anonymous>" "run" "system.time" 
29648 :"NextMethod" "[.table" "[" "sort.default" "sort" ".pd_near_zero_variation" "FUN" "vapply" ".pd_check_data_impl" ".pd_standardize_data_impl" "<Anonymous>" "run" "system.time" 
120048 :"is.na" "na.omit.default" "<Anonymous>" ".pd_near_zero_variation" "FUN" "vapply" ".pd_check_data_impl" ".pd_standardize_data_impl" "<Anonymous>" "run" "system.time" 
120056 :"na.omit.default" "<Anonymous>" ".pd_near_zero_variation" "FUN" "vapply" ".pd_check_data_impl" ".pd_standardize_data_impl" "<Anonymous>" "run" "system.time" 
262192 :"unique.default" "unique" "factor" "table" "sort" ".pd_near_zero_variation" "FUN" "vapply" ".pd_check_data_impl" ".pd_standardize_data_impl" "<Anonymous>" "run" "system.time" 
120048 :"unique.default" "unique" "factor" "table" "sort" ".pd_near_zero_variation" "FUN" "vapply" ".pd_check_data_impl" ".pd_standardize_data_impl" "<Anonymous>" "run" "system.time" 
240048 :"factor" "table" "sort" ".pd_near_zero_variation" "FUN" "vapply" ".pd_check_data_impl" ".pd_standardize_data_impl" "<Anonymous>" "run" "system.time" 
240048 :"factor" "table" "sort" ".pd_near_zero_variation" "FUN" "vapply" ".pd_check_data_impl" ".pd_standardize_data_impl" "<Anonymous>" "run" "system.time" 
120048 :"factor" "table" "sort" ".pd_near_zero_variation" "FUN" "vapply" ".pd_check_data_impl" ".pd_standardize_data_impl" "<Anonymous>" "run" "system.time" 
120048 :"as.integer" "table" "sort" ".pd_near_zero_variation" "FUN" "vapply" ".pd_check_data_impl" ".pd_standardize_data_impl" "<Anonymous>" "run" "system.time" 
120048 :"table" "sort" ".pd_near_zero_variation" "FUN" "vapply" ".pd_check_data_impl" ".pd_standardize_data_impl" "<Anonymous>" "run" "system.time" 
new page:"list.names" "table" "sort" ".pd_near_zero_variation" "FUN" "vapply" ".pd_check_data_impl" ".pd_standardize_data_impl" "<Anonymous>" "run" "system.time" 
120048 :"is.na" "table" "sort" ".pd_near_zero_variation" "FUN" "vapply" ".pd_check_data_impl" ".pd_standardize_data_impl" "<Anonymous>" "run" "system.time" 
120048 :"table" "sort" ".pd_near_zero_variation" "FUN" "vapply" ".pd_check_data_impl" ".pd_standardize_data_impl" "<Anonymous>" "run" "system.time" 
120056 :"table" "sort" ".pd_near_zero_variation" "FUN" "vapply" ".pd_check_data_impl" ".pd_standardize_data_impl" "<Anonymous>" "run" "system.time" 
120048 :"table" "sort" ".pd_near_zero_variation" "FUN" "vapply" ".pd_check_data_impl" ".pd_standardize_data_impl" "<Anonymous>" "run" "system.time" 
120048 :"table" "sort" ".pd_near_zero_variation" "FUN" "vapply" ".pd_check_data_impl" ".pd_standardize_data_impl" "<Anonymous>" "run" "system.time" 
120048 :"table" "sort" ".pd_near_zero_variation" "FUN" "vapply" ".pd_check_data_impl" ".pd_standardize_data_impl" "<Anonymous>" "run" "system.time" 
120048 :"is.na" "na.omit.default" "<Anonymous>" ".pd_near_zero_variation" "FUN" "vapply" ".pd_check_data_impl" ".pd_standardize_data_impl" "<Anonymous>" "run" "system.time" 
120056 :"na.omit.default" "<Anonymous>" ".pd_near_zero_variation" "FUN" "vapply" ".pd_check_data_impl" ".pd_standardize_data_impl" "<Anonymous>" "run" "system.time" 
new page:"match.arg" "table" "sort" ".pd_near_zero_variation" "FUN" "vapply" ".pd_check_data_impl" ".pd_standardize_data_impl" "<Anonymous>" "run" "system.time" 
262192 :"unique.default" "unique" "factor" "table" "sort" ".pd_near_zero_variation" "FUN" "vapply" ".pd_check_data_impl" ".pd_standardize_data_impl" "<Anonymous>" "run" "system.time" 
120048 :"unique.default" "unique" "factor" "table" "sort" ".pd_near_zero_variation" "FUN" "vapply" ".pd_check_data_impl" ".pd_standardize_data_impl" "<Anonymous>" "run" "system.time" 
240048 :"factor" "table" "sort" ".pd_near_zero_variation" "FUN" "vapply" ".pd_check_data_impl" ".pd_standardize_data_impl" "<Anonymous>" "run" "system.time" 
240048 :"factor" "table" "sort" ".pd_near_zero_variation" "FUN" "vapply" ".pd_check_data_impl" ".pd_standardize_data_impl" "<Anonymous>" "run" "system.time" 
120048 :"factor" "table" "sort" ".pd_near_zero_variation" "FUN" "vapply" ".pd_check_data_impl" ".pd_standardize_data_impl" "<Anonymous>" "run" "system.time" 
120048 :"as.integer" "table" "sort" ".pd_near_zero_variation" "FUN" "vapply" ".pd_check_data_impl" ".pd_standardize_data_impl" "<Anonymous>" "run" "system.time" 
120048 :"table" "sort" ".pd_near_zero_variation" "FUN" "vapply" ".pd_check_data_impl" ".pd_standardize_data_impl" "<Anonymous>" "run" "system.time" 
120048 :"is.na" "table" "sort" ".pd_near_zero_variation" "FUN" "vapply" ".pd_check_data_impl" ".pd_standardize_data_impl" "<Anonymous>" "run" "system.time" 
120048 :"table" "sort" ".pd_near_zero_variation" "FUN" "vapply" ".pd_check_data_impl" ".pd_standardize_data_impl" "<Anonymous>" "run" "system.time" 
120056 :"table" "sort" ".pd_near_zero_variation" "FUN" "vapply" ".pd_check_data_impl" ".pd_standardize_data_impl" "<Anonymous>" "run" "system.time" 
120048 :"table" "sort" ".pd_near_zero_variation" "FUN" "vapply" ".pd_check_data_impl" ".pd_standardize_data_impl" "<Anonymous>" "run" "system.time" 
120048 :"table" "sort" ".pd_near_zero_variation" "FUN" "vapply" ".pd_check_data_impl" ".pd_standardize_data_impl" "<Anonymous>" "run" "system.time" 
120048 :"table" "sort" ".pd_near_zero_variation" "FUN" "vapply" ".pd_check_data_impl" ".pd_standardize_data_impl" "<Anonymous>" "run" "system.time" 
new page:"length" "xtfrm.default" "xtfrm" "xtfrm" "as.vector" "FUN" "lapply" "order" "NextMethod" "[.table" "[" "sort.default" "sort" ".pd_near_zero_variation" "FUN" "vapply" ".pd_check_data_impl" ".pd_standardize_data_impl" "<Anonymous>" "run" "system.time" 
120048 :"is.na" "na.omit.default" "<Anonymous>" ".pd_near_zero_variation" "FUN" "vapply" ".pd_check_data_impl" ".pd_standardize_data_impl" "<Anonymous>" "run" "system.time" 
120056 :"na.omit.default" "<Anonymous>" ".pd_near_zero_variation" "FUN" "vapply" ".pd_check_data_impl" ".pd_standardize_data_impl" "<Anonymous>" "run" "system.time" 
262192 :"unique.default" "unique" "factor" "table" "sort" ".pd_near_zero_variation" "FUN" "vapply" ".pd_check_data_impl" ".pd_standardize_data_impl" "<Anonymous>" "run" "system.time" 
120048 :"unique.default" "unique" "factor" "table" "sort" ".pd_near_zero_variation" "FUN" "vapply" ".pd_check_data_impl" ".pd_standardize_data_impl" "<Anonymous>" "run" "system.time" 
new page:"unique" "factor" "table" "sort" ".pd_near_zero_variation" "FUN" "vapply" ".pd_check_data_impl" ".pd_standardize_data_impl" "<Anonymous>" "run" "system.time" 
240048 :"factor" "table" "sort" ".pd_near_zero_variation" "FUN" "vapply" ".pd_check_data_impl" ".pd_standardize_data_impl" "<Anonymous>" "run" "system.time" 
240048 :"factor" "table" "sort" ".pd_near_zero_variation" "FUN" "vapply" ".pd_check_data_impl" ".pd_standardize_data_impl" "<Anonymous>" "run" "system.time" 
120048 :"factor" "table" "sort" ".pd_near_zero_variation" "FUN" "vapply" ".pd_check_data_impl" ".pd_standardize_data_impl" "<Anonymous>" "run" "system.time" 
120048 :"as.integer" "table" "sort" ".pd_near_zero_variation" "FUN" "vapply" ".pd_check_data_impl" ".pd_standardize_data_impl" "<Anonymous>" "run" "system.time" 
120048 :"table" "sort" ".pd_near_zero_variation" "FUN" "vapply" ".pd_check_data_impl" ".pd_standardize_data_impl" "<Anonymous>" "run" "system.time" 
120048 :"is.na" "table" "sort" ".pd_near_zero_variation" "FUN" "vapply" ".pd_check_data_impl" ".pd_standardize_data_impl" "<Anonymous>" "run" "system.time" 
120048 :"table" "sort" ".pd_near_zero_variation" "FUN" "vapply" ".pd_check_data_impl" ".pd_standardize_data_impl" "<Anonymous>" "run" "system.time" 
120056 :"table" "sort" ".pd_near_zero_variation" "FUN" "vapply" ".pd_check_data_impl" ".pd_standardize_data_impl" "<Anonymous>" "run" "system.time" 
120048 :"table" "sort" ".pd_near_zero_variation" "FUN" "vapply" ".pd_check_data_impl" ".pd_standardize_data_impl" "<Anonymous>" "run" "system.time" 
120048 :"table" "sort" ".pd_near_zero_variation" "FUN" "vapply" ".pd_check_data_impl" ".pd_standardize_data_impl" "<Anonymous>" "run" "system.time" 
120048 :"table" "sort" ".pd_near_zero_variation" "FUN" "vapply" ".pd_check_data_impl" ".pd_standardize_data_impl" "<Anonymous>" "run" "system.time" 
new page:"[" ".pd_near_zero_variation" "FUN" "vapply" ".pd_check_data_impl" ".pd_standardize_data_impl" "<Anonymous>" "run" "system.time" 
new page:"sum" ".deparseOpts" "deparse" "paste" "deparse1" "force" "as.data.frame.logical" "as.data.frame" "data.frame" "add_check" ".pd_check_data_impl" ".pd_standardize_data_impl" "<Anonymous>" "run" "system.time" 
new page:"length" "data.frame" "add_check" ".pd_check_data_impl" ".pd_standardize_data_impl" "<Anonymous>" "run" "system.time" 
new page:"sum" ".deparseOpts" "deparse" "mode" "%in%" "deparse" "paste" "deparse1" "as.data.frame.character" "as.data.frame" "data.frame" "add_check" ".pd_check_data_impl" ".pd_standardize_data_impl" "<Anonymous>" "run" "system.time" 
new page:"as.list" "data.frame" "add_check" ".pd_check_data_impl" ".pd_standardize_data_impl" "<Anonymous>" "run" "system.time" 
new page:"structure" "as.data.frame.logical" "as.data.frame" "data.frame" "add_check" ".pd_check_data_impl" ".pd_standardize_data_impl" "<Anonymous>" "run" "system.time" 
new page:"deparse" "mode" "%in%" "deparse" "paste" "deparse1" "force" "as.data.frame.logical" "as.data.frame" "data.frame" "add_check" ".pd_check_data_impl" ".pd_standardize_data_impl" "<Anonymous>" "run" "system.time" 
new page:"%in%" ".deparseOpts" "deparse" "paste" "deparse1" "as.data.frame.character" "as.data.frame" "data.frame" "add_check" ".pd_check_data_impl" ".pd_standardize_data_impl" "<Anonymous>" "run" "system.time" 
new page:"is.data.frame" "FUN" "vapply" "rbind" "<Anonymous>" "do.call" ".pd_check_data_impl" ".pd_standardize_data_impl" "<Anonymous>" "run" "system.time" 
new page:"[[.data.frame" "[[" "rbind" "<Anonymous>" "do.call" ".pd_check_data_impl" ".pd_standardize_data_impl" "<Anonymous>" "run" "system.time" 
new page:"%in%" "[[.data.frame" "[[" "rbind" "<Anonymous>" "do.call" ".pd_check_data_impl" ".pd_standardize_data_impl" "<Anonymous>" "run" "system.time" 
new page:"<Anonymous>" "[[.data.frame" "[[" "rbind" "<Anonymous>" "do.call" ".pd_check_data_impl" ".pd_standardize_data_impl" "<Anonymous>" "run" "system.time" 
new page:"rbind" "<Anonymous>" "do.call" ".pd_check_data_impl" ".pd_standardize_data_impl" "<Anonymous>" "run" "system.time" 
new page:"nzchar" "Make.row.names" "rbind" "<Anonymous>" "do.call" ".pd_check_data_impl" ".pd_standardize_data_impl" "<Anonymous>" "run" "system.time" 
new page:"length" "rbind" "<Anonymous>" "do.call" ".pd_check_data_impl" ".pd_standardize_data_impl" "<Anonymous>" "run" "system.time" 
new page:"is.matrix" "<Anonymous>" "[[.data.frame" "[[" "rbind" "<Anonymous>" "do.call" ".pd_check_data_impl" ".pd_standardize_data_impl" "<Anonymous>" "run" "system.time" 
new page:"[[" "rbind" "<Anonymous>" "do.call" ".pd_check_data_impl" ".pd_standardize_data_impl" "<Anonymous>" "run" "system.time" 
new page:"[[" "rbind" "<Anonymous>" "do.call" ".pd_check_data_impl" ".pd_standardize_data_impl" "<Anonymous>" "run" "system.time" 
new page:"nargs" "[[.data.frame" "[[" "rbind" "<Anonymous>" "do.call" ".pd_check_data_impl" ".pd_standardize_data_impl" "<Anonymous>" "run" "system.time" 
new page:"[[.data.frame" "[[" "rbind" "<Anonymous>" "do.call" ".pd_check_data_impl" ".pd_standardize_data_impl" "<Anonymous>" "run" "system.time" 
new page:"rbind" "<Anonymous>" "do.call" ".pd_check_data_impl" ".pd_standardize_data_impl" "<Anonymous>" "run" "system.time" 
new page:"rbind" "<Anonymous>" "do.call" ".pd_check_data_impl" ".pd_standardize_data_impl" "<Anonymous>" "run" "system.time" 
new page:"is.factor" "rbind" "<Anonymous>" "do.call" ".pd_check_data_impl" ".pd_standardize_data_impl" "<Anonymous>" "run" "system.time" 
new page:"rbind" "<Anonymous>" "do.call" ".pd_check_data_impl" ".pd_standardize_data_impl" "<Anonymous>" "run" "system.time" 
new page:"is.factor" "rbind" "<Anonymous>" "do.call" ".pd_check_data_impl" ".pd_standardize_data_impl" "<Anonymous>" "run" "system.time" 
new page:"rbind" "<Anonymous>" "do.call" ".pd_check_data_impl" ".pd_standardize_data_impl" "<Anonymous>" "run" "system.time" 
120048 :"copy" "setDF" "as.data.frame.data.table" "as.data.frame" ".pd_as_data_frame" ".pd_standardize_data_impl" "<Anonymous>" "run" "system.time" 
120048 :"copy" "setDF" "as.data.frame.data.table" "as.data.frame" ".pd_as_data_frame" ".pd_standardize_data_impl" "<Anonymous>" "run" "system.time" 
240048 :"copy" "setDF" "as.data.frame.data.table" "as.data.frame" ".pd_as_data_frame" ".pd_standardize_data_impl" "<Anonymous>" "run" "system.time" 
120048 :"copy" "setDF" "as.data.frame.data.table" "as.data.frame" ".pd_as_data_frame" ".pd_standardize_data_impl" "<Anonymous>" "run" "system.time" 
120048 :"copy" "setDF" "as.data.frame.data.table" "as.data.frame" ".pd_as_data_frame" ".pd_standardize_data_impl" "<Anonymous>" "run" "system.time" 
120048 :"copy" "setDF" "as.data.frame.data.table" "as.data.frame" ".pd_as_data_frame" ".pd_standardize_data_impl" "<Anonymous>" "run" "system.time" 
120048 :"copy" "setDF" "as.data.frame.data.table" "as.data.frame" ".pd_as_data_frame" ".pd_standardize_data_impl" "<Anonymous>" "run" "system.time" 
240048 :"copy" "setDF" "as.data.frame.data.table" "as.data.frame" ".pd_as_data_frame" ".pd_standardize_data_impl" "<Anonymous>" "run" "system.time" 
240048 :"copy" "setDF" "as.data.frame.data.table" "as.data.frame" ".pd_as_data_frame" ".pd_standardize_data_impl" "<Anonymous>" "run" "system.time" 
240048 :"copy" "setDF" "as.data.frame.data.table" "as.data.frame" ".pd_as_data_frame" ".pd_standardize_data_impl" "<Anonymous>" "run" "system.time" 
240048 :"copy" "setDF" "as.data.frame.data.table" "as.data.frame" ".pd_as_data_frame" ".pd_standardize_data_impl" "<Anonymous>" "run" "system.time" 
240048 :"copy" "setDF" "as.data.frame.data.table" "as.data.frame" ".pd_as_data_frame" ".pd_standardize_data_impl" "<Anonymous>" "run" "system.time" 
240048 :"copy" "setDF" "as.data.frame.data.table" "as.data.frame" ".pd_as_data_frame" ".pd_standardize_data_impl" "<Anonymous>" "run" "system.time" 
240048 :"copy" "setDF" "as.data.frame.data.table" "as.data.frame" ".pd_as_data_frame" ".pd_standardize_data_impl" "<Anonymous>" "run" "system.time" 
240048 :"copy" "setDF" "as.data.frame.data.table" "as.data.frame" ".pd_as_data_frame" ".pd_standardize_data_impl" "<Anonymous>" "run" "system.time" 
240048 :"copy" "setDF" "as.data.frame.data.table" "as.data.frame" ".pd_as_data_frame" ".pd_standardize_data_impl" "<Anonymous>" "run" "system.time" 
8368 :"setalloccol" "reallocate" "copy" "setDF" "as.data.frame.data.table" "as.data.frame" ".pd_as_data_frame" ".pd_standardize_data_impl" "<Anonymous>" "run" "system.time" 
8368 :"setalloccol" "reallocate" "copy" "setDF" "as.data.frame.data.table" "as.data.frame" ".pd_as_data_frame" ".pd_standardize_data_impl" "<Anonymous>" "run" "system.time" 
new page:"paste" ".pd_numeric_conversion" ".pd_standardize_data_impl" "<Anonymous>" "run" "system.time" 
240048 :"as.numeric" ".pd_numeric_conversion" ".pd_standardize_data_impl" "<Anonymous>" "run" "system.time" 
120048 :"is.na" "which" ".pd_numeric_conversion" ".pd_standardize_data_impl" "<Anonymous>" "run" "system.time" 
120048 :"which" ".pd_numeric_conversion" ".pd_standardize_data_impl" "<Anonymous>" "run" "system.time" 
120048 :"is.finite" "which" ".pd_numeric_conversion" ".pd_standardize_data_impl" "<Anonymous>" "run" "system.time" 
120048 :"which" ".pd_numeric_conversion" ".pd_standardize_data_impl" "<Anonymous>" "run" "system.time" 
120048 :"which" ".pd_numeric_conversion" ".pd_standardize_data_impl" "<Anonymous>" "run" "system.time" 
120056 :"which" ".pd_numeric_conversion" ".pd_standardize_data_impl" "<Anonymous>" "run" "system.time" 
120048 :"is.na" "which" ".pd_binary_conversion" ".pd_standardize_data_impl" "<Anonymous>" "run" "system.time" 
120048 :"which" ".pd_binary_conversion" ".pd_standardize_data_impl" "<Anonymous>" "run" "system.time" 
120048 :"%in%" "which" ".pd_binary_conversion" ".pd_standardize_data_impl" "<Anonymous>" "run" "system.time" 
240048 :"%in%" "which" ".pd_binary_conversion" ".pd_standardize_data_impl" "<Anonymous>" "run" "system.time" 
120048 :"%in%" "which" ".pd_binary_conversion" ".pd_standardize_data_impl" "<Anonymous>" "run" "system.time" 
120048 :"%in%" "which" ".pd_binary_conversion" ".pd_standardize_data_impl" "<Anonymous>" "run" "system.time" 
120048 :"which" ".pd_binary_conversion" ".pd_standardize_data_impl" "<Anonymous>" "run" "system.time" 
120048 :"which" ".pd_binary_conversion" ".pd_standardize_data_impl" "<Anonymous>" "run" "system.time" 
120056 :"which" ".pd_binary_conversion" ".pd_standardize_data_impl" "<Anonymous>" "run" "system.time" 
120048 :"is.na" "which" ".pd_binary_conversion" ".pd_standardize_data_impl" "<Anonymous>" "run" "system.time" 
120048 :"which" ".pd_binary_conversion" ".pd_standardize_data_impl" "<Anonymous>" "run" "system.time" 
120048 :"%in%" "which" ".pd_binary_conversion" ".pd_standardize_data_impl" "<Anonymous>" "run" "system.time" 
240048 :"%in%" "which" ".pd_binary_conversion" ".pd_standardize_data_impl" "<Anonymous>" "run" "system.time" 
120048 :"%in%" "which" ".pd_binary_conversion" ".pd_standardize_data_impl" "<Anonymous>" "run" "system.time" 
120048 :"%in%" "which" ".pd_binary_conversion" ".pd_standardize_data_impl" "<Anonymous>" "run" "system.time" 
120048 :"which" ".pd_binary_conversion" ".pd_standardize_data_impl" "<Anonymous>" "run" "system.time" 
120048 :"which" ".pd_binary_conversion" ".pd_standardize_data_impl" "<Anonymous>" "run" "system.time" 
120056 :"which" ".pd_binary_conversion" ".pd_standardize_data_impl" "<Anonymous>" "run" "system.time" 
120048 :"is.na" "which" ".pd_numeric_conversion" ".pd_standardize_data_impl" "<Anonymous>" "run" "system.time" 
120048 :"which" ".pd_numeric_conversion" ".pd_standardize_data_impl" "<Anonymous>" "run" "system.time" 
120048 :"is.finite" "which" ".pd_numeric_conversion" ".pd_standardize_data_impl" "<Anonymous>" "run" "system.time" 
120048 :"which" ".pd_numeric_conversion" ".pd_standardize_data_impl" "<Anonymous>" "run" "system.time" 
120048 :"which" ".pd_numeric_conversion" ".pd_standardize_data_impl" "<Anonymous>" "run" "system.time" 
120056 :"which" ".pd_numeric_conversion" ".pd_standardize_data_impl" "<Anonymous>" "run" "system.time" 
120048 :"is.na" "is.factor" ".pd_key" "unique" ".pd_standardize_data_impl" "<Anonymous>" "run" "system.time" 
120048 :"is.factor" ".pd_key" "unique" ".pd_standardize_data_impl" "<Anonymous>" "run" "system.time" 
120056 :"is.factor" ".pd_key" "unique" ".pd_standardize_data_impl" "<Anonymous>" "run" "system.time" 
120048 :"is.factor" ".pd_key" "unique" ".pd_standardize_data_impl" "<Anonymous>" "run" "system.time" 
120048 :"is.factor" ".pd_key" "unique" ".pd_standardize_data_impl" "<Anonymous>" "run" "system.time" 
new page:"unique" ".pd_standardize_data_impl" "<Anonymous>" "run" "system.time" 
262192 :"unique.default" "unique" ".pd_standardize_data_impl" "<Anonymous>" "run" "system.time" 
240048 :"unique.default" "unique" ".pd_standardize_data_impl" "<Anonymous>" "run" "system.time" 
120048 :"unique.default" "unique" ".pd_standardize_data_impl" "<Anonymous>" "run" "system.time" 
80048 :"unique.default" "unique" ".pd_standardize_data_impl" "<Anonymous>" "run" "system.time" 
new page:"order" "make.names" "data.frame" ".pd_standardize_data_impl" "<Anonymous>" "run" "system.time" 
120048 :"is.na" "which" ".pd_standardize_data_impl" "<Anonymous>" "run" "system.time" 
120048 :"is.na" "which" ".pd_standardize_data_impl" "<Anonymous>" "run" "system.time" 
120048 :"which" ".pd_standardize_data_impl" "<Anonymous>" "run" "system.time" 
120056 :"which" ".pd_standardize_data_impl" "<Anonymous>" "run" "system.time" 
120048 :".pd_standardize_data_impl" "<Anonymous>" "run" "system.time" 
120048 :".pd_standardize_data_impl" "<Anonymous>" "run" "system.time" 
120048 :".pd_standardize_data_impl" "<Anonymous>" "run" "system.time" 
120048 :".pd_standardize_data_impl" "<Anonymous>" "run" "system.time" 
120056 :"[.data.frame" "[" ".pd_standardize_data_impl" "<Anonymous>" "run" "system.time" 
120048 :"[.data.frame" "[" ".pd_standardize_data_impl" "<Anonymous>" "run" "system.time" 
120048 :"[.data.frame" "[" ".pd_standardize_data_impl" "<Anonymous>" "run" "system.time" 
120056 :"[.data.frame" "[" ".pd_standardize_data_impl" "<Anonymous>" "run" "system.time" 
120048 :"[.data.frame" "[" ".pd_standardize_data_impl" "<Anonymous>" "run" "system.time" 
240048 :"[.data.frame" "[" ".pd_standardize_data_impl" "<Anonymous>" "run" "system.time" 
120056 :"[.data.frame" "[" ".pd_standardize_data_impl" "<Anonymous>" "run" "system.time" 
120048 :"[.data.frame" "[" ".pd_standardize_data_impl" "<Anonymous>" "run" "system.time" 
240048 :"[.data.frame" "[" ".pd_standardize_data_impl" "<Anonymous>" "run" "system.time" 
120056 :"[.data.frame" "[" ".pd_standardize_data_impl" "<Anonymous>" "run" "system.time" 
120048 :"[.data.frame" "[" ".pd_standardize_data_impl" "<Anonymous>" "run" "system.time" 
120048 :"[.data.frame" "[" ".pd_standardize_data_impl" "<Anonymous>" "run" "system.time" 
120056 :"[.data.frame" "[" ".pd_standardize_data_impl" "<Anonymous>" "run" "system.time" 
120048 :"[.data.frame" "[" ".pd_standardize_data_impl" "<Anonymous>" "run" "system.time" 
120048 :"[.data.frame" "[" ".pd_standardize_data_impl" "<Anonymous>" "run" "system.time" 
120056 :"[.data.frame" "[" ".pd_standardize_data_impl" "<Anonymous>" "run" "system.time" 
120048 :"[.data.frame" "[" ".pd_standardize_data_impl" "<Anonymous>" "run" "system.time" 
120048 :"[.data.frame" "[" ".pd_standardize_data_impl" "<Anonymous>" "run" "system.time" 
120056 :"[.data.frame" "[" ".pd_standardize_data_impl" "<Anonymous>" "run" "system.time" 
120048 :"[.data.frame" "[" ".pd_standardize_data_impl" "<Anonymous>" "run" "system.time" 
120048 :"[.data.frame" "[" ".pd_standardize_data_impl" "<Anonymous>" "run" "system.time" 
120056 :"[.data.frame" "[" ".pd_standardize_data_impl" "<Anonymous>" "run" "system.time" 
120048 :"[.data.frame" "[" ".pd_standardize_data_impl" "<Anonymous>" "run" "system.time" 
240048 :"[.data.frame" "[" ".pd_standardize_data_impl" "<Anonymous>" "run" "system.time" 
120056 :"[.data.frame" "[" ".pd_standardize_data_impl" "<Anonymous>" "run" "system.time" 
120048 :"[.data.frame" "[" ".pd_standardize_data_impl" "<Anonymous>" "run" "system.time" 
240048 :"[.data.frame" "[" ".pd_standardize_data_impl" "<Anonymous>" "run" "system.time" 
120056 :"[.data.frame" "[" ".pd_standardize_data_impl" "<Anonymous>" "run" "system.time" 
120048 :"[.data.frame" "[" ".pd_standardize_data_impl" "<Anonymous>" "run" "system.time" 
240048 :"[.data.frame" "[" ".pd_standardize_data_impl" "<Anonymous>" "run" "system.time" 
120056 :"[.data.frame" "[" ".pd_standardize_data_impl" "<Anonymous>" "run" "system.time" 
120048 :"[.data.frame" "[" ".pd_standardize_data_impl" "<Anonymous>" "run" "system.time" 
240048 :"[.data.frame" "[" ".pd_standardize_data_impl" "<Anonymous>" "run" "system.time" 
120056 :"[.data.frame" "[" ".pd_standardize_data_impl" "<Anonymous>" "run" "system.time" 
120048 :"[.data.frame" "[" ".pd_standardize_data_impl" "<Anonymous>" "run" "system.time" 
240048 :"[.data.frame" "[" ".pd_standardize_data_impl" "<Anonymous>" "run" "system.time" 
120056 :"[.data.frame" "[" ".pd_standardize_data_impl" "<Anonymous>" "run" "system.time" 
120048 :"[.data.frame" "[" ".pd_standardize_data_impl" "<Anonymous>" "run" "system.time" 
240048 :"[.data.frame" "[" ".pd_standardize_data_impl" "<Anonymous>" "run" "system.time" 
120056 :"[.data.frame" "[" ".pd_standardize_data_impl" "<Anonymous>" "run" "system.time" 
120048 :"[.data.frame" "[" ".pd_standardize_data_impl" "<Anonymous>" "run" "system.time" 
240048 :"[.data.frame" "[" ".pd_standardize_data_impl" "<Anonymous>" "run" "system.time" 
120056 :"[.data.frame" "[" ".pd_standardize_data_impl" "<Anonymous>" "run" "system.time" 
120048 :"[.data.frame" "[" ".pd_standardize_data_impl" "<Anonymous>" "run" "system.time" 
240048 :"[.data.frame" "[" ".pd_standardize_data_impl" "<Anonymous>" "run" "system.time" 
120056 :"[.data.frame" "[" ".pd_standardize_data_impl" "<Anonymous>" "run" "system.time" 
120048 :"[.data.frame" "[" ".pd_standardize_data_impl" "<Anonymous>" "run" "system.time" 
240048 :"[.data.frame" "[" ".pd_standardize_data_impl" "<Anonymous>" "run" "system.time" 
120056 :"[.data.frame" "[" ".pd_standardize_data_impl" "<Anonymous>" "run" "system.time" 
120048 :"[.data.frame" "[" ".pd_standardize_data_impl" "<Anonymous>" "run" "system.time" 
120048 :"[.data.frame" "[" ".pd_standardize_data_impl" "<Anonymous>" "run" "system.time" 
262192 :"anyDuplicated.default" "anyDuplicated" "[.data.frame" "[" ".pd_standardize_data_impl" "<Anonymous>" "run" "system.time" 
120048 :"is.na" "na.omit.default" "<Anonymous>" "unique" "sort" ".pd_standardize_data_impl" "<Anonymous>" "run" "system.time" 
120056 :"na.omit.default" "<Anonymous>" "unique" "sort" ".pd_standardize_data_impl" "<Anonymous>" "run" "system.time" 
262192 :"unique.default" "unique" "sort" ".pd_standardize_data_impl" "<Anonymous>" "run" "system.time" 
120048 :"unique.default" "unique" "sort" ".pd_standardize_data_impl" "<Anonymous>" "run" "system.time" 
262192 :"unique.default" "unique" "factor" ".pd_standardize_data_impl" "<Anonymous>" "run" "system.time" 
240048 :"unique.default" "unique" "factor" ".pd_standardize_data_impl" "<Anonymous>" "run" "system.time" 
120048 :"unique.default" "unique" "factor" ".pd_standardize_data_impl" "<Anonymous>" "run" "system.time" 
80048 :"unique.default" "unique" "factor" ".pd_standardize_data_impl" "<Anonymous>" "run" "system.time" 
40048 :"order" "factor" ".pd_standardize_data_impl" "<Anonymous>" "run" "system.time" 
80048 :"unique" "factor" ".pd_standardize_data_impl" "<Anonymous>" "run" "system.time" 
131120 :"unique.default" "unique" "factor" ".pd_standardize_data_impl" "<Anonymous>" "run" "system.time" 
40048 :"unique.default" "unique" "factor" ".pd_standardize_data_impl" "<Anonymous>" "run" "system.time" 
80048 :"unique.default" "unique" "factor" ".pd_standardize_data_impl" "<Anonymous>" "run" "system.time" 
80048 :"factor" ".pd_standardize_data_impl" "<Anonymous>" "run" "system.time" 
40048 :"factor" ".pd_standardize_data_impl" "<Anonymous>" "run" "system.time" 
40048 :"is.na" "factor" ".pd_standardize_data_impl" "<Anonymous>" "run" "system.time" 
40056 :"factor" ".pd_standardize_data_impl" "<Anonymous>" "run" "system.time" 
40048 :"factor" ".pd_standardize_data_impl" "<Anonymous>" "run" "system.time" 
80048 :"factor" ".pd_standardize_data_impl" "<Anonymous>" "run" "system.time" 
240048 :"factor" ".pd_standardize_data_impl" "<Anonymous>" "run" "system.time" 
80048 :"factor" ".pd_standardize_data_impl" "<Anonymous>" "run" "system.time" 
131120 :"factor" ".pd_standardize_data_impl" "<Anonymous>" "run" "system.time" 
120048 :"factor" ".pd_standardize_data_impl" "<Anonymous>" "run" "system.time" 
131120 :"factor" ".pd_standardize_data_impl" "<Anonymous>" "run" "system.time" 
120048 :"as.integer" ".pd_standardize_data_impl" "<Anonymous>" "run" "system.time" 
80048 :"as.integer" ".pd_standardize_data_impl" "<Anonymous>" "run" "system.time" 
240048 :".pd_panel_visits" ".pd_standardize_data_impl" "<Anonymous>" "run" "system.time" 
120048 :".pd_panel_visits" ".pd_standardize_data_impl" "<Anonymous>" "run" "system.time" 
120048 :"is.na" "which" ".pd_panel_visits" ".pd_standardize_data_impl" "<Anonymous>" "run" "system.time" 
120048 :"which" ".pd_panel_visits" ".pd_standardize_data_impl" "<Anonymous>" "run" "system.time" 
120048 :"is.na" "which" ".pd_panel_visits" ".pd_standardize_data_impl" "<Anonymous>" "run" "system.time" 
120048 :"which" ".pd_panel_visits" ".pd_standardize_data_impl" "<Anonymous>" "run" "system.time" 
120048 :"which" ".pd_panel_visits" ".pd_standardize_data_impl" "<Anonymous>" "run" "system.time" 
120056 :"which" ".pd_panel_visits" ".pd_standardize_data_impl" "<Anonymous>" "run" "system.time" 
120048 :"which" ".pd_panel_visits" ".pd_standardize_data_impl" "<Anonymous>" "run" "system.time" 
120048 :"tabulate" ".pd_panel_visits" ".pd_standardize_data_impl" "<Anonymous>" "run" "system.time" 
40048 :"tabulate" ".pd_panel_visits" ".pd_standardize_data_impl" "<Anonymous>" "run" "system.time" 
40048 :".pd_panel_visits" ".pd_standardize_data_impl" "<Anonymous>" "run" "system.time" 
120048 :"tabulate" ".pd_panel_visits" ".pd_standardize_data_impl" "<Anonymous>" "run" "system.time" 
40048 :".pd_standardize_data_impl" "<Anonymous>" "run" "system.time" 
40056 :".pd_standardize_data_impl" "<Anonymous>" "run" "system.time" 
120048 :"is.na" ".pd_standardize_data_impl" "<Anonymous>" "run" "system.time" 
120048 :"is.na" ".pd_standardize_data_impl" "<Anonymous>" "run" "system.time" 
120048 :".pd_standardize_data_impl" "<Anonymous>" "run" "system.time" 
120048 :".pd_standardize_data_impl" "<Anonymous>" "run" "system.time" 
120048 :"is.na" ".pd_standardize_data_impl" "<Anonymous>" "run" "system.time" 
120048 :".pd_standardize_data_impl" "<Anonymous>" "run" "system.time" 
120048 :".pd_standardize_data_impl" "<Anonymous>" "run" "system.time" 
120048 :"<Anonymous>" ".pd_standardize_data_impl" "<Anonymous>" "run" "system.time" 
120048 :".pd_standardize_data_impl" "<Anonymous>" "run" "system.time" 
120048 :".pd_standardize_data_impl" "<Anonymous>" "run" "system.time" 
120056 :"which" "tabulate" ".pd_standardize_data_impl" "<Anonymous>" "run" "system.time" 
40048 :"tabulate" ".pd_standardize_data_impl" "<Anonymous>" "run" "system.time" 
40048 :".pd_standardize_data_impl" "<Anonymous>" "run" "system.time" 
40056 :".pd_standardize_data_impl" "<Anonymous>" "run" "system.time" 
240048 :".pd_standardize_data_impl" "<Anonymous>" "run" "system.time" 
120048 :".pd_standardize_data_impl" "<Anonymous>" "run" "system.time" 
120048 :".pd_standardize_data_impl" "<Anonymous>" "run" "system.time" 
120048 :"unique" ".pd_standardize_data_impl" "<Anonymous>" "run" "system.time" 
120048 :"unique" ".pd_standardize_data_impl" "<Anonymous>" "run" "system.time" 
262192 :"unique.default" "unique" ".pd_standardize_data_impl" "<Anonymous>" "run" "system.time" 
240048 :"unique.default" "unique" ".pd_standardize_data_impl" "<Anonymous>" "run" "system.time" 
120048 :"unique.default" "unique" ".pd_standardize_data_impl" "<Anonymous>" "run" "system.time" 
80048 :"unique.default" "unique" ".pd_standardize_data_impl" "<Anonymous>" "run" "system.time" 
240048 :".pd_standardize_data_impl" "<Anonymous>" "run" "system.time" 
240048 :".pd_standardize_data_impl" "<Anonymous>" "run" "system.time" 
80048 :".pd_standardize_data_impl" "<Anonymous>" "run" "system.time" 
131120 :".pd_standardize_data_impl" "<Anonymous>" "run" "system.time" 
120048 :".pd_standardize_data_impl" "<Anonymous>" "run" "system.time" 
120048 :".pd_standardize_data_impl" "<Anonymous>" "run" "system.time" 
120048 :"order" "[.data.frame" "[" ".pd_standardize_data_impl" "<Anonymous>" "run" "system.time" 
120048 :"[.data.frame" "[" ".pd_standardize_data_impl" "<Anonymous>" "run" "system.time" 
120048 :"[.data.frame" "[" ".pd_standardize_data_impl" "<Anonymous>" "run" "system.time" 
240048 :"[.data.frame" "[" ".pd_standardize_data_impl" "<Anonymous>" "run" "system.time" 
120048 :"[.data.frame" "[" ".pd_standardize_data_impl" "<Anonymous>" "run" "system.time" 
120048 :"[.data.frame" "[" ".pd_standardize_data_impl" "<Anonymous>" "run" "system.time" 
120048 :"[.data.frame" "[" ".pd_standardize_data_impl" "<Anonymous>" "run" "system.time" 
120048 :"[.data.frame" "[" ".pd_standardize_data_impl" "<Anonymous>" "run" "system.time" 
240048 :"[.data.frame" "[" ".pd_standardize_data_impl" "<Anonymous>" "run" "system.time" 
240048 :"[.data.frame" "[" ".pd_standardize_data_impl" "<Anonymous>" "run" "system.time" 
240048 :"[.data.frame" "[" ".pd_standardize_data_impl" "<Anonymous>" "run" "system.time" 
240048 :"[.data.frame" "[" ".pd_standardize_data_impl" "<Anonymous>" "run" "system.time" 
240048 :"[.data.frame" "[" ".pd_standardize_data_impl" "<Anonymous>" "run" "system.time" 
240048 :"[.data.frame" "[" ".pd_standardize_data_impl" "<Anonymous>" "run" "system.time" 
240048 :"[.data.frame" "[" ".pd_standardize_data_impl" "<Anonymous>" "run" "system.time" 
240048 :"[.data.frame" "[" ".pd_standardize_data_impl" "<Anonymous>" "run" "system.time" 
240048 :"[.data.frame" "[" ".pd_standardize_data_impl" "<Anonymous>" "run" "system.time" 
120048 :"[.data.frame" "[" ".pd_standardize_data_impl" "<Anonymous>" "run" "system.time" 
262192 :"anyDuplicated.default" "anyDuplicated" "[.data.frame" "[" ".pd_standardize_data_impl" "<Anonymous>" "run" "system.time" 
120048 :"is.na" "which" ".pd_check_data_impl" ".pd_standardize_data_impl" "<Anonymous>" "run" "system.time" 
120048 :"is.na" "which" ".pd_check_data_impl" ".pd_standardize_data_impl" "<Anonymous>" "run" "system.time" 
120048 :"which" ".pd_check_data_impl" ".pd_standardize_data_impl" "<Anonymous>" "run" "system.time" 
120056 :"which" ".pd_check_data_impl" ".pd_standardize_data_impl" "<Anonymous>" "run" "system.time" 
240048 :"as.numeric" ".pd_numeric_conversion" ".pd_check_data_impl" ".pd_standardize_data_impl" "<Anonymous>" "run" "system.time" 
120048 :"is.na" "which" ".pd_numeric_conversion" ".pd_check_data_impl" ".pd_standardize_data_impl" "<Anonymous>" "run" "system.time" 
120048 :"which" ".pd_numeric_conversion" ".pd_check_data_impl" ".pd_standardize_data_impl" "<Anonymous>" "run" "system.time" 
120048 :"is.finite" "which" ".pd_numeric_conversion" ".pd_check_data_impl" ".pd_standardize_data_impl" "<Anonymous>" "run" "system.time" 
120048 :"which" ".pd_numeric_conversion" ".pd_check_data_impl" ".pd_standardize_data_impl" "<Anonymous>" "run" "system.time" 
120048 :"which" ".pd_numeric_conversion" ".pd_check_data_impl" ".pd_standardize_data_impl" "<Anonymous>" "run" "system.time" 
120056 :"which" ".pd_numeric_conversion" ".pd_check_data_impl" ".pd_standardize_data_impl" "<Anonymous>" "run" "system.time" 
120048 :"is.na" "na.omit.default" "<Anonymous>" "unique" "sort" ".pd_check_data_impl" ".pd_standardize_data_impl" "<Anonymous>" "run" "system.time" 
120056 :"na.omit.default" "<Anonymous>" "unique" "sort" ".pd_check_data_impl" ".pd_standardize_data_impl" "<Anonymous>" "run" "system.time" 
262192 :"unique.default" "unique" "sort" ".pd_check_data_impl" ".pd_standardize_data_impl" "<Anonymous>" "run" "system.time" 
120048 :"unique.default" "unique" "sort" ".pd_check_data_impl" ".pd_standardize_data_impl" "<Anonymous>" "run" "system.time" 
120048 :"is.na" "which" ".pd_check_data_impl" ".pd_standardize_data_impl" "<Anonymous>" "run" "system.time" 
120048 :"which" ".pd_check_data_impl" ".pd_standardize_data_impl" "<Anonymous>" "run" "system.time" 
120048 :"is.na" "which" ".pd_check_data_impl" ".pd_standardize_data_impl" "<Anonymous>" "run" "system.time" 
120048 :"which" ".pd_check_data_impl" ".pd_standardize_data_impl" "<Anonymous>" "run" "system.time" 
120048 :"which" ".pd_check_data_impl" ".pd_standardize_data_impl" "<Anonymous>" "run" "system.time" 
120056 :"which" ".pd_check_data_impl" ".pd_standardize_data_impl" "<Anonymous>" "run" "system.time" 
120048 :"which" ".pd_check_data_impl" ".pd_standardize_data_impl" "<Anonymous>" "run" "system.time" 
120048 :"is.factor" ".pd_key" "paste" ".pd_check_data_impl" ".pd_standardize_data_impl" "<Anonymous>" "run" "system.time" 
240048 :"paste" ".pd_check_data_impl" ".pd_standardize_data_impl" "<Anonymous>" "run" "system.time" 
240048 :"paste" ".pd_check_data_impl" ".pd_standardize_data_impl" "<Anonymous>" "run" "system.time" 
240048 :"paste" ".pd_check_data_impl" ".pd_standardize_data_impl" "<Anonymous>" "run" "system.time" 
240048 :"paste" ".pd_check_data_impl" ".pd_standardize_data_impl" "<Anonymous>" "run" "system.time" 
262192 :"duplicated.default" "duplicated" ".pd_check_data_impl" ".pd_standardize_data_impl" "<Anonymous>" "run" "system.time" 
120048 :"duplicated.default" "duplicated" ".pd_check_data_impl" ".pd_standardize_data_impl" "<Anonymous>" "run" "system.time" 
262192 :"duplicated.default" "duplicated" ".pd_check_data_impl" ".pd_standardize_data_impl" "<Anonymous>" "run" "system.time" 
120048 :"duplicated.default" "duplicated" ".pd_check_data_impl" ".pd_standardize_data_impl" "<Anonymous>" "run" "system.time" 
120048 :".pd_check_data_impl" ".pd_standardize_data_impl" "<Anonymous>" "run" "system.time" 
120056 :".pd_check_data_impl" ".pd_standardize_data_impl" "<Anonymous>" "run" "system.time" 
120048 :"is.na" "which" ".pd_check_data_impl" ".pd_standardize_data_impl" "<Anonymous>" "run" "system.time" 
120048 :"which" ".pd_check_data_impl" ".pd_standardize_data_impl" "<Anonymous>" "run" "system.time" 
120056 :"which" ".pd_check_data_impl" ".pd_standardize_data_impl" "<Anonymous>" "run" "system.time" 
120048 :"which" ".pd_check_data_impl" ".pd_standardize_data_impl" "<Anonymous>" "run" "system.time" 
120048 :"is.factor" ".pd_key" ".pd_check_data_impl" ".pd_standardize_data_impl" "<Anonymous>" "run" "system.time" 
262192 :"unique.default" "unique" ".pd_check_data_impl" ".pd_standardize_data_impl" "<Anonymous>" "run" "system.time" 
240048 :"unique.default" "unique" ".pd_check_data_impl" ".pd_standardize_data_impl" "<Anonymous>" "run" "system.time" 
120048 :"unique.default" "unique" ".pd_check_data_impl" ".pd_standardize_data_impl" "<Anonymous>" "run" "system.time" 
80048 :"unique.default" "unique" ".pd_check_data_impl" ".pd_standardize_data_impl" "<Anonymous>" "run" "system.time" 
262192 :"unique.default" "unique" "factor" ".pd_check_data_impl" ".pd_standardize_data_impl" "<Anonymous>" "run" "system.time" 
120048 :"unique.default" "unique" "factor" ".pd_check_data_impl" ".pd_standardize_data_impl" "<Anonymous>" "run" "system.time" 
80048 :"unique.default" "unique" "factor" ".pd_check_data_impl" ".pd_standardize_data_impl" "<Anonymous>" "run" "system.time" 
40048 :"order" "factor" ".pd_check_data_impl" ".pd_standardize_data_impl" "<Anonymous>" "run" "system.time" 
80048 :"unique" "factor" ".pd_check_data_impl" ".pd_standardize_data_impl" "<Anonymous>" "run" "system.time" 
131120 :"unique.default" "unique" "factor" ".pd_check_data_impl" ".pd_standardize_data_impl" "<Anonymous>" "run" "system.time" 
40048 :"unique.default" "unique" "factor" ".pd_check_data_impl" ".pd_standardize_data_impl" "<Anonymous>" "run" "system.time" 
80048 :"unique.default" "unique" "factor" ".pd_check_data_impl" ".pd_standardize_data_impl" "<Anonymous>" "run" "system.time" 
80048 :"factor" ".pd_check_data_impl" ".pd_standardize_data_impl" "<Anonymous>" "run" "system.time" 
40048 :"factor" ".pd_check_data_impl" ".pd_standardize_data_impl" "<Anonymous>" "run" "system.time" 
40048 :"is.na" "factor" ".pd_check_data_impl" ".pd_standardize_data_impl" "<Anonymous>" "run" "system.time" 
40056 :"factor" ".pd_check_data_impl" ".pd_standardize_data_impl" "<Anonymous>" "run" "system.time" 
40048 :"factor" ".pd_check_data_impl" ".pd_standardize_data_impl" "<Anonymous>" "run" "system.time" 
80048 :"factor" ".pd_check_data_impl" ".pd_standardize_data_impl" "<Anonymous>" "run" "system.time" 
240048 :"factor" ".pd_check_data_impl" ".pd_standardize_data_impl" "<Anonymous>" "run" "system.time" 
80048 :"factor" ".pd_check_data_impl" ".pd_standardize_data_impl" "<Anonymous>" "run" "system.time" 
131120 :"factor" ".pd_check_data_impl" ".pd_standardize_data_impl" "<Anonymous>" "run" "system.time" 
120048 :"factor" ".pd_check_data_impl" ".pd_standardize_data_impl" "<Anonymous>" "run" "system.time" 
131120 :"factor" ".pd_check_data_impl" ".pd_standardize_data_impl" "<Anonymous>" "run" "system.time" 
120048 :".pd_check_data_impl" ".pd_standardize_data_impl" "<Anonymous>" "run" "system.time" 
120048 :"as.integer" ".pd_check_data_impl" ".pd_standardize_data_impl" "<Anonymous>" "run" "system.time" 
80048 :"as.integer" ".pd_check_data_impl" ".pd_standardize_data_impl" "<Anonymous>" "run" "system.time" 
40048 :"<Anonymous>" ".pd_check_data_impl" ".pd_standardize_data_impl" "<Anonymous>" "run" "system.time" 
40048 :"nzchar" ".pd_check_data_impl" ".pd_standardize_data_impl" "<Anonymous>" "run" "system.time" 
40048 :".pd_check_data_impl" ".pd_standardize_data_impl" "<Anonymous>" "run" "system.time" 
240048 :".pd_panel_visits" ".pd_check_data_impl" ".pd_standardize_data_impl" "<Anonymous>" "run" "system.time" 
120048 :".pd_panel_visits" ".pd_check_data_impl" ".pd_standardize_data_impl" "<Anonymous>" "run" "system.time" 
120048 :"is.na" "which" ".pd_panel_visits" ".pd_check_data_impl" ".pd_standardize_data_impl" "<Anonymous>" "run" "system.time" 
120048 :"which" ".pd_panel_visits" ".pd_check_data_impl" ".pd_standardize_data_impl" "<Anonymous>" "run" "system.time" 
120048 :"is.na" "which" ".pd_panel_visits" ".pd_check_data_impl" ".pd_standardize_data_impl" "<Anonymous>" "run" "system.time" 
120048 :"which" ".pd_panel_visits" ".pd_check_data_impl" ".pd_standardize_data_impl" "<Anonymous>" "run" "system.time" 
120048 :"which" ".pd_panel_visits" ".pd_check_data_impl" ".pd_standardize_data_impl" "<Anonymous>" "run" "system.time" 
120056 :"which" ".pd_panel_visits" ".pd_check_data_impl" ".pd_standardize_data_impl" "<Anonymous>" "run" "system.time" 
120048 :"which" ".pd_panel_visits" ".pd_check_data_impl" ".pd_standardize_data_impl" "<Anonymous>" "run" "system.time" 
120048 :"tabulate" ".pd_panel_visits" ".pd_check_data_impl" ".pd_standardize_data_impl" "<Anonymous>" "run" "system.time" 
40048 :"tabulate" ".pd_panel_visits" ".pd_check_data_impl" ".pd_standardize_data_impl" "<Anonymous>" "run" "system.time" 
40048 :".pd_panel_visits" ".pd_check_data_impl" ".pd_standardize_data_impl" "<Anonymous>" "run" "system.time" 
120048 :"tabulate" ".pd_panel_visits" ".pd_check_data_impl" ".pd_standardize_data_impl" "<Anonymous>" "run" "system.time" 
80048 :".pd_check_data_impl" ".pd_standardize_data_impl" "<Anonymous>" "run" "system.time" 
80048 :".pd_check_data_impl" ".pd_standardize_data_impl" "<Anonymous>" "run" "system.time" 
131120 :".pd_check_data_impl" ".pd_standardize_data_impl" "<Anonymous>" "run" "system.time" 
40048 :".pd_check_data_impl" ".pd_standardize_data_impl" "<Anonymous>" "run" "system.time" 
40048 :".pd_check_data_impl" ".pd_standardize_data_impl" "<Anonymous>" "run" "system.time" 
40056 :".pd_check_data_impl" ".pd_standardize_data_impl" "<Anonymous>" "run" "system.time" 
120048 :"is.na" "which" ".pd_binary_conversion" ".pd_check_data_impl" ".pd_standardize_data_impl" "<Anonymous>" "run" "system.time" 
120048 :"which" ".pd_binary_conversion" ".pd_check_data_impl" ".pd_standardize_data_impl" "<Anonymous>" "run" "system.time" 
120048 :"%in%" "which" ".pd_binary_conversion" ".pd_check_data_impl" ".pd_standardize_data_impl" "<Anonymous>" "run" "system.time" 
240048 :"%in%" "which" ".pd_binary_conversion" ".pd_check_data_impl" ".pd_standardize_data_impl" "<Anonymous>" "run" "system.time" 
120048 :"%in%" "which" ".pd_binary_conversion" ".pd_check_data_impl" ".pd_standardize_data_impl" "<Anonymous>" "run" "system.time" 
120048 :"%in%" "which" ".pd_binary_conversion" ".pd_check_data_impl" ".pd_standardize_data_impl" "<Anonymous>" "run" "system.time" 
120048 :"which" ".pd_binary_conversion" ".pd_check_data_impl" ".pd_standardize_data_impl" "<Anonymous>" "run" "system.time" 
120048 :"which" ".pd_binary_conversion" ".pd_check_data_impl" ".pd_standardize_data_impl" "<Anonymous>" "run" "system.time" 
120056 :"which" ".pd_binary_conversion" ".pd_check_data_impl" ".pd_standardize_data_impl" "<Anonymous>" "run" "system.time" 
120048 :"is.na" "which" ".pd_check_data_impl" ".pd_standardize_data_impl" "<Anonymous>" "run" "system.time" 
120056 :"which" ".pd_check_data_impl" ".pd_standardize_data_impl" "<Anonymous>" "run" "system.time" 
120048 :"is.na" "na.omit.default" "<Anonymous>" "unique" ".pd_display_values" "paste" "data.frame" "add_check" ".pd_check_data_impl" ".pd_standardize_data_impl" "<Anonymous>" "run" "system.time" 
120056 :"na.omit.default" "<Anonymous>" "unique" ".pd_display_values" "paste" "data.frame" "add_check" ".pd_check_data_impl" ".pd_standardize_data_impl" "<Anonymous>" "run" "system.time" 
262192 :"unique.default" "unique" ".pd_display_values" "paste" "data.frame" "add_check" ".pd_check_data_impl" ".pd_standardize_data_impl" "<Anonymous>" "run" "system.time" 
120048 :"unique.default" "unique" ".pd_display_values" "paste" "data.frame" "add_check" ".pd_check_data_impl" ".pd_standardize_data_impl" "<Anonymous>" "run" "system.time" 
120048 :"is.na" "which" ".pd_binary_conversion" ".pd_check_data_impl" ".pd_standardize_data_impl" "<Anonymous>" "run" "system.time" 
120048 :"which" ".pd_binary_conversion" ".pd_check_data_impl" ".pd_standardize_data_impl" "<Anonymous>" "run" "system.time" 
120048 :"%in%" "which" ".pd_binary_conversion" ".pd_check_data_impl" ".pd_standardize_data_impl" "<Anonymous>" "run" "system.time" 
240048 :"%in%" "which" ".pd_binary_conversion" ".pd_check_data_impl" ".pd_standardize_data_impl" "<Anonymous>" "run" "system.time" 
120048 :"%in%" "which" ".pd_binary_conversion" ".pd_check_data_impl" ".pd_standardize_data_impl" "<Anonymous>" "run" "system.time" 
120048 :"%in%" "which" ".pd_binary_conversion" ".pd_check_data_impl" ".pd_standardize_data_impl" "<Anonymous>" "run" "system.time" 
120048 :"which" ".pd_binary_conversion" ".pd_check_data_impl" ".pd_standardize_data_impl" "<Anonymous>" "run" "system.time" 
120048 :"which" ".pd_binary_conversion" ".pd_check_data_impl" ".pd_standardize_data_impl" "<Anonymous>" "run" "system.time" 
120056 :"which" ".pd_binary_conversion" ".pd_check_data_impl" ".pd_standardize_data_impl" "<Anonymous>" "run" "system.time" 
120048 :"is.na" "which" ".pd_check_data_impl" ".pd_standardize_data_impl" "<Anonymous>" "run" "system.time" 
120056 :"which" ".pd_check_data_impl" ".pd_standardize_data_impl" "<Anonymous>" "run" "system.time" 
120048 :"is.na" "na.omit.default" "<Anonymous>" "unique" ".pd_display_values" "paste" "data.frame" "add_check" ".pd_check_data_impl" ".pd_standardize_data_impl" "<Anonymous>" "run" "system.time" 
120056 :"na.omit.default" "<Anonymous>" "unique" ".pd_display_values" "paste" "data.frame" "add_check" ".pd_check_data_impl" ".pd_standardize_data_impl" "<Anonymous>" "run" "system.time" 
262192 :"unique.default" "unique" ".pd_display_values" "paste" "data.frame" "add_check" ".pd_check_data_impl" ".pd_standardize_data_impl" "<Anonymous>" "run" "system.time" 
120048 :"unique.default" "unique" ".pd_display_values" "paste" "data.frame" "add_check" ".pd_check_data_impl" ".pd_standardize_data_impl" "<Anonymous>" "run" "system.time" 
120048 :"which" "tabulate" ".pd_check_data_impl" ".pd_standardize_data_impl" "<Anonymous>" "run" "system.time" 
120056 :"which" "tabulate" ".pd_check_data_impl" ".pd_standardize_data_impl" "<Anonymous>" "run" "system.time" 
22920 :"which" "tabulate" ".pd_check_data_impl" ".pd_standardize_data_impl" "<Anonymous>" "run" "system.time" 
22920 :"tabulate" ".pd_check_data_impl" ".pd_standardize_data_impl" "<Anonymous>" "run" "system.time" 
40048 :"tabulate" ".pd_check_data_impl" ".pd_standardize_data_impl" "<Anonymous>" "run" "system.time" 
40048 :".pd_check_data_impl" ".pd_standardize_data_impl" "<Anonymous>" "run" "system.time" 
120048 :"which" "tabulate" ".pd_check_data_impl" ".pd_standardize_data_impl" "<Anonymous>" "run" "system.time" 
120056 :"which" "tabulate" ".pd_check_data_impl" ".pd_standardize_data_impl" "<Anonymous>" "run" "system.time" 
97176 :"which" "tabulate" ".pd_check_data_impl" ".pd_standardize_data_impl" "<Anonymous>" "run" "system.time" 
97176 :"tabulate" ".pd_check_data_impl" ".pd_standardize_data_impl" "<Anonymous>" "run" "system.time" 
40048 :"tabulate" ".pd_check_data_impl" ".pd_standardize_data_impl" "<Anonymous>" "run" "system.time" 
40048 :".pd_check_data_impl" ".pd_standardize_data_impl" "<Anonymous>" "run" "system.time" 
40048 :".pd_check_data_impl" ".pd_standardize_data_impl" "<Anonymous>" "run" "system.time" 
40056 :".pd_check_data_impl" ".pd_standardize_data_impl" "<Anonymous>" "run" "system.time" 
120048 :"is.na" "which" ".pd_survival_increases" ".pd_check_data_impl" ".pd_standardize_data_impl" "<Anonymous>" "run" "system.time" 
120048 :"which" ".pd_survival_increases" ".pd_check_data_impl" ".pd_standardize_data_impl" "<Anonymous>" "run" "system.time" 
120048 :"is.na" "which" ".pd_survival_increases" ".pd_check_data_impl" ".pd_standardize_data_impl" "<Anonymous>" "run" "system.time" 
120048 :"which" ".pd_survival_increases" ".pd_check_data_impl" ".pd_standardize_data_impl" "<Anonymous>" "run" "system.time" 
120048 :"which" ".pd_survival_increases" ".pd_check_data_impl" ".pd_standardize_data_impl" "<Anonymous>" "run" "system.time" 
120056 :"which" ".pd_survival_increases" ".pd_check_data_impl" ".pd_standardize_data_impl" "<Anonymous>" "run" "system.time" 
120048 :"which" ".pd_survival_increases" ".pd_check_data_impl" ".pd_standardize_data_impl" "<Anonymous>" "run" "system.time" 
120048 :"order" ".pd_survival_increases" ".pd_check_data_impl" ".pd_standardize_data_impl" "<Anonymous>" "run" "system.time" 
240048 :"order" ".pd_survival_increases" ".pd_check_data_impl" ".pd_standardize_data_impl" "<Anonymous>" "run" "system.time" 
120048 :"order" ".pd_survival_increases" ".pd_check_data_impl" ".pd_standardize_data_impl" "<Anonymous>" "run" "system.time" 
120048 :".pd_survival_increases" ".pd_check_data_impl" ".pd_standardize_data_impl" "<Anonymous>" "run" "system.time" 
120048 :".pd_survival_increases" ".pd_check_data_impl" ".pd_standardize_data_impl" "<Anonymous>" "run" "system.time" 
120056 :".pd_survival_increases" ".pd_check_data_impl" ".pd_standardize_data_impl" "<Anonymous>" "run" "system.time" 
120048 :".pd_survival_increases" ".pd_check_data_impl" ".pd_standardize_data_impl" "<Anonymous>" "run" "system.time" 
120048 :".pd_survival_increases" ".pd_check_data_impl" ".pd_standardize_data_impl" "<Anonymous>" "run" "system.time" 
120048 :".pd_survival_increases" ".pd_check_data_impl" ".pd_standardize_data_impl" "<Anonymous>" "run" "system.time" 
120056 :".pd_survival_increases" ".pd_check_data_impl" ".pd_standardize_data_impl" "<Anonymous>" "run" "system.time" 
120048 :".pd_survival_increases" ".pd_check_data_impl" ".pd_standardize_data_impl" "<Anonymous>" "run" "system.time" 
120048 :".pd_survival_increases" ".pd_check_data_impl" ".pd_standardize_data_impl" "<Anonymous>" "run" "system.time" 
120048 :".pd_survival_increases" ".pd_check_data_impl" ".pd_standardize_data_impl" "<Anonymous>" "run" "system.time" 
120048 :".pd_survival_increases" ".pd_check_data_impl" ".pd_standardize_data_impl" "<Anonymous>" "run" "system.time" 
120048 :".pd_survival_increases" ".pd_check_data_impl" ".pd_standardize_data_impl" "<Anonymous>" "run" "system.time" 
120048 :".pd_survival_increases" ".pd_check_data_impl" ".pd_standardize_data_impl" "<Anonymous>" "run" "system.time" 
120048 :".pd_survival_increases" ".pd_check_data_impl" ".pd_standardize_data_impl" "<Anonymous>" "run" "system.time" 
120048 :".pd_survival_increases" ".pd_check_data_impl" ".pd_standardize_data_impl" "<Anonymous>" "run" "system.time" 
120048 :".pd_survival_increases" ".pd_check_data_impl" ".pd_standardize_data_impl" "<Anonymous>" "run" "system.time" 
120048 :"tabulate" ".pd_survival_increases" ".pd_check_data_impl" ".pd_standardize_data_impl" "<Anonymous>" "run" "system.time" 
40048 :"tabulate" ".pd_survival_increases" ".pd_check_data_impl" ".pd_standardize_data_impl" "<Anonymous>" "run" "system.time" 
40048 :".pd_survival_increases" ".pd_check_data_impl" ".pd_standardize_data_impl" "<Anonymous>" "run" "system.time" 
40056 :".pd_check_data_impl" ".pd_standardize_data_impl" "<Anonymous>" "run" "system.time" 
120048 :"is.na" "which" ".pd_numeric_conversion" ".pd_check_data_impl" ".pd_standardize_data_impl" "<Anonymous>" "run" "system.time" 
120048 :"which" ".pd_numeric_conversion" ".pd_check_data_impl" ".pd_standardize_data_impl" "<Anonymous>" "run" "system.time" 
120048 :"is.finite" "which" ".pd_numeric_conversion" ".pd_check_data_impl" ".pd_standardize_data_impl" "<Anonymous>" "run" "system.time" 
120048 :"which" ".pd_numeric_conversion" ".pd_check_data_impl" ".pd_standardize_data_impl" "<Anonymous>" "run" "system.time" 
120048 :"which" ".pd_numeric_conversion" ".pd_check_data_impl" ".pd_standardize_data_impl" "<Anonymous>" "run" "system.time" 
120056 :"which" ".pd_numeric_conversion" ".pd_check_data_impl" ".pd_standardize_data_impl" "<Anonymous>" "run" "system.time" 
120048 :"which" ".pd_check_data_impl" ".pd_standardize_data_impl" "<Anonymous>" "run" "system.time" 
120048 :"is.na" "which" ".pd_check_data_impl" ".pd_standardize_data_impl" "<Anonymous>" "run" "system.time" 
120048 :"which" ".pd_check_data_impl" ".pd_standardize_data_impl" "<Anonymous>" "run" "system.time" 
120056 :"which" ".pd_check_data_impl" ".pd_standardize_data_impl" "<Anonymous>" "run" "system.time" 
12456 :"which" ".pd_check_data_impl" ".pd_standardize_data_impl" "<Anonymous>" "run" "system.time" 
120048 :"which" ".pd_check_data_impl" ".pd_standardize_data_impl" "<Anonymous>" "run" "system.time" 
120048 :"is.na" "which" ".pd_check_data_impl" ".pd_standardize_data_impl" "<Anonymous>" "run" "system.time" 
120048 :"which" ".pd_check_data_impl" ".pd_standardize_data_impl" "<Anonymous>" "run" "system.time" 
120048 :"which" ".pd_check_data_impl" ".pd_standardize_data_impl" "<Anonymous>" "run" "system.time" 
120056 :"which" ".pd_check_data_impl" ".pd_standardize_data_impl" "<Anonymous>" "run" "system.time" 
120048 :"which" ".pd_check_data_impl" ".pd_standardize_data_impl" "<Anonymous>" "run" "system.time" 
120048 :"is.na" "which" ".pd_check_data_impl" ".pd_standardize_data_impl" "<Anonymous>" "run" "system.time" 
120048 :"which" ".pd_check_data_impl" ".pd_standardize_data_impl" "<Anonymous>" "run" "system.time" 
120056 :"which" ".pd_check_data_impl" ".pd_standardize_data_impl" "<Anonymous>" "run" "system.time" 
120048 :"is.na" "which" ".pd_check_data_impl" ".pd_standardize_data_impl" "<Anonymous>" "run" "system.time" 
120056 :"which" ".pd_check_data_impl" ".pd_standardize_data_impl" "<Anonymous>" "run" "system.time" 
120048 :"is.na" "which" ".pd_check_data_impl" ".pd_standardize_data_impl" "<Anonymous>" "run" "system.time" 
120056 :"which" ".pd_check_data_impl" ".pd_standardize_data_impl" "<Anonymous>" "run" "system.time" 
120048 :"is.na" "which" ".pd_check_data_impl" ".pd_standardize_data_impl" "<Anonymous>" "run" "system.time" 
120056 :"which" ".pd_check_data_impl" ".pd_standardize_data_impl" "<Anonymous>" "run" "system.time" 
120048 :"is.na" "which" ".pd_check_data_impl" ".pd_standardize_data_impl" "<Anonymous>" "run" "system.time" 
120056 :"which" ".pd_check_data_impl" ".pd_standardize_data_impl" "<Anonymous>" "run" "system.time" 
120048 :"is.na" "which" ".pd_check_data_impl" ".pd_standardize_data_impl" "<Anonymous>" "run" "system.time" 
120056 :"which" ".pd_check_data_impl" ".pd_standardize_data_impl" "<Anonymous>" "run" "system.time" 
120048 :"is.na" "which" ".pd_check_data_impl" ".pd_standardize_data_impl" "<Anonymous>" "run" "system.time" 
120056 :"which" ".pd_check_data_impl" ".pd_standardize_data_impl" "<Anonymous>" "run" "system.time" 
120048 :"order" ".pd_check_data_impl" ".pd_standardize_data_impl" "<Anonymous>" "run" "system.time" 
240048 :"order" ".pd_check_data_impl" ".pd_standardize_data_impl" "<Anonymous>" "run" "system.time" 
120048 :"order" ".pd_check_data_impl" ".pd_standardize_data_impl" "<Anonymous>" "run" "system.time" 
120048 :".pd_check_data_impl" ".pd_standardize_data_impl" "<Anonymous>" "run" "system.time" 
240048 :"as.numeric" "unique" "sort" ".pd_is_consecutive_integer_id" ".pd_check_data_impl" ".pd_standardize_data_impl" "<Anonymous>" "run" "system.time" 
262192 :"unique.default" "unique" "sort" ".pd_is_consecutive_integer_id" ".pd_check_data_impl" ".pd_standardize_data_impl" "<Anonymous>" "run" "system.time" 
120048 :"unique.default" "unique" "sort" ".pd_is_consecutive_integer_id" ".pd_check_data_impl" ".pd_standardize_data_impl" "<Anonymous>" "run" "system.time" 
80048 :"unique.default" "unique" "sort" ".pd_is_consecutive_integer_id" ".pd_check_data_impl" ".pd_standardize_data_impl" "<Anonymous>" "run" "system.time" 
40048 :"order" "sort.int" "sort.default" "sort" ".pd_is_consecutive_integer_id" ".pd_check_data_impl" ".pd_standardize_data_impl" "<Anonymous>" "run" "system.time" 
80048 :"sort.int" "sort.default" "sort" ".pd_is_consecutive_integer_id" ".pd_check_data_impl" ".pd_standardize_data_impl" "<Anonymous>" "run" "system.time" 
40048 :"is.na" "all.equal.numeric" "all.equal" "isTRUE" ".pd_is_consecutive_integer_id" ".pd_check_data_impl" ".pd_standardize_data_impl" "<Anonymous>" "run" "system.time" 
40048 :"is.na" "all.equal.numeric" "all.equal" "isTRUE" ".pd_is_consecutive_integer_id" ".pd_check_data_impl" ".pd_standardize_data_impl" "<Anonymous>" "run" "system.time" 
40048 :"all.equal.numeric" "all.equal" "isTRUE" ".pd_is_consecutive_integer_id" ".pd_check_data_impl" ".pd_standardize_data_impl" "<Anonymous>" "run" "system.time" 
40048 :"all.equal.numeric" "all.equal" "isTRUE" ".pd_is_consecutive_integer_id" ".pd_check_data_impl" ".pd_standardize_data_impl" "<Anonymous>" "run" "system.time" 
80048 :"all.equal.numeric" "all.equal" "isTRUE" ".pd_is_consecutive_integer_id" ".pd_check_data_impl" ".pd_standardize_data_impl" "<Anonymous>" "run" "system.time" 
40048 :"all.equal.numeric" "all.equal" "isTRUE" ".pd_is_consecutive_integer_id" ".pd_check_data_impl" ".pd_standardize_data_impl" "<Anonymous>" "run" "system.time" 
120048 :"which" ".pd_check_data_impl" ".pd_standardize_data_impl" "<Anonymous>" "run" "system.time" 
120048 :"is.na" "which" ".pd_check_data_impl" ".pd_standardize_data_impl" "<Anonymous>" "run" "system.time" 
120048 :"which" ".pd_check_data_impl" ".pd_standardize_data_impl" "<Anonymous>" "run" "system.time" 
120048 :"which" ".pd_check_data_impl" ".pd_standardize_data_impl" "<Anonymous>" "run" "system.time" 
120056 :"which" ".pd_check_data_impl" ".pd_standardize_data_impl" "<Anonymous>" "run" "system.time" 
40048 :"which" ".pd_check_data_impl" ".pd_standardize_data_impl" "<Anonymous>" "run" "system.time" 
40048 :".pd_check_data_impl" ".pd_standardize_data_impl" "<Anonymous>" "run" "system.time" 
40048 :"is.factor" ".pd_key" ".pd_check_data_impl" ".pd_standardize_data_impl" "<Anonymous>" "run" "system.time" 
131120 :"duplicated.default" "duplicated" ".pd_check_data_impl" ".pd_standardize_data_impl" "<Anonymous>" "run" "system.time" 
80048 :"duplicated.default" "duplicated" ".pd_check_data_impl" ".pd_standardize_data_impl" "<Anonymous>" "run" "system.time" 
40048 :"duplicated.default" "duplicated" ".pd_check_data_impl" ".pd_standardize_data_impl" "<Anonymous>" "run" "system.time" 
40048 :".pd_check_data_impl" ".pd_standardize_data_impl" "<Anonymous>" "run" "system.time" 
40056 :"factor" "table" ".pd_check_data_impl" ".pd_standardize_data_impl" "<Anonymous>" "run" "system.time" 
40048 :"factor" "table" ".pd_check_data_impl" ".pd_standardize_data_impl" "<Anonymous>" "run" "system.time" 
40048 :"factor" "table" ".pd_check_data_impl" ".pd_standardize_data_impl" "<Anonymous>" "run" "system.time" 
80048 :"factor" "table" ".pd_check_data_impl" ".pd_standardize_data_impl" "<Anonymous>" "run" "system.time" 
80048 :"factor" "table" ".pd_check_data_impl" ".pd_standardize_data_impl" "<Anonymous>" "run" "system.time" 
40048 :"factor" "table" ".pd_check_data_impl" ".pd_standardize_data_impl" "<Anonymous>" "run" "system.time" 
40048 :"as.integer" "table" ".pd_check_data_impl" ".pd_standardize_data_impl" "<Anonymous>" "run" "system.time" 
40048 :"table" ".pd_check_data_impl" ".pd_standardize_data_impl" "<Anonymous>" "run" "system.time" 
40048 :"is.na" "table" ".pd_check_data_impl" ".pd_standardize_data_impl" "<Anonymous>" "run" "system.time" 
40048 :"table" ".pd_check_data_impl" ".pd_standardize_data_impl" "<Anonymous>" "run" "system.time" 
40056 :"table" ".pd_check_data_impl" ".pd_standardize_data_impl" "<Anonymous>" "run" "system.time" 
40048 :"table" ".pd_check_data_impl" ".pd_standardize_data_impl" "<Anonymous>" "run" "system.time" 
40048 :"table" ".pd_check_data_impl" ".pd_standardize_data_impl" "<Anonymous>" "run" "system.time" 
40048 :"table" ".pd_check_data_impl" ".pd_standardize_data_impl" "<Anonymous>" "run" "system.time" 
120048 :"is.na" "na.omit.default" "<Anonymous>" ".pd_near_zero_variation" "FUN" "vapply" ".pd_check_data_impl" ".pd_standardize_data_impl" "<Anonymous>" "run" "system.time" 
120056 :"na.omit.default" "<Anonymous>" ".pd_near_zero_variation" "FUN" "vapply" ".pd_check_data_impl" ".pd_standardize_data_impl" "<Anonymous>" "run" "system.time" 
262192 :"unique.default" "unique" "factor" "table" "sort" ".pd_near_zero_variation" "FUN" "vapply" ".pd_check_data_impl" ".pd_standardize_data_impl" "<Anonymous>" "run" "system.time" 
120048 :"unique.default" "unique" "factor" "table" "sort" ".pd_near_zero_variation" "FUN" "vapply" ".pd_check_data_impl" ".pd_standardize_data_impl" "<Anonymous>" "run" "system.time" 
29592 :"unique.default" "unique" "factor" "table" "sort" ".pd_near_zero_variation" "FUN" "vapply" ".pd_check_data_impl" ".pd_standardize_data_impl" "<Anonymous>" "run" "system.time" 
14824 :"order" "factor" "table" "sort" ".pd_near_zero_variation" "FUN" "vapply" ".pd_check_data_impl" ".pd_standardize_data_impl" "<Anonymous>" "run" "system.time" 
29592 :"unique" "factor" "table" "sort" ".pd_near_zero_variation" "FUN" "vapply" ".pd_check_data_impl" ".pd_standardize_data_impl" "<Anonymous>" "run" "system.time" 
32816 :"unique.default" "unique" "factor" "table" "sort" ".pd_near_zero_variation" "FUN" "vapply" ".pd_check_data_impl" ".pd_standardize_data_impl" "<Anonymous>" "run" "system.time" 
29592 :"unique.default" "unique" "factor" "table" "sort" ".pd_near_zero_variation" "FUN" "vapply" ".pd_check_data_impl" ".pd_standardize_data_impl" "<Anonymous>" "run" "system.time" 
14824 :"unique.default" "unique" "factor" "table" "sort" ".pd_near_zero_variation" "FUN" "vapply" ".pd_check_data_impl" ".pd_standardize_data_impl" "<Anonymous>" "run" "system.time" 
29592 :"unique.default" "unique" "factor" "table" "sort" ".pd_near_zero_variation" "FUN" "vapply" ".pd_check_data_impl" ".pd_standardize_data_impl" "<Anonymous>" "run" "system.time" 
29592 :"factor" "table" "sort" ".pd_near_zero_variation" "FUN" "vapply" ".pd_check_data_impl" ".pd_standardize_data_impl" "<Anonymous>" "run" "system.time" 
14824 :"factor" "table" "sort" ".pd_near_zero_variation" "FUN" "vapply" ".pd_check_data_impl" ".pd_standardize_data_impl" "<Anonymous>" "run" "system.time" 
14824 :"is.na" "factor" "table" "sort" ".pd_near_zero_variation" "FUN" "vapply" ".pd_check_data_impl" ".pd_standardize_data_impl" "<Anonymous>" "run" "system.time" 
14824 :"factor" "table" "sort" ".pd_near_zero_variation" "FUN" "vapply" ".pd_check_data_impl" ".pd_standardize_data_impl" "<Anonymous>" "run" "system.time" 
14824 :"factor" "table" "sort" ".pd_near_zero_variation" "FUN" "vapply" ".pd_check_data_impl" ".pd_standardize_data_impl" "<Anonymous>" "run" "system.time" 
29592 :"factor" "table" "sort" ".pd_near_zero_variation" "FUN" "vapply" ".pd_check_data_impl" ".pd_standardize_data_impl" "<Anonymous>" "run" "system.time" 
240048 :"factor" "table" "sort" ".pd_near_zero_variation" "FUN" "vapply" ".pd_check_data_impl" ".pd_standardize_data_impl" "<Anonymous>" "run" "system.time" 
240048 :"factor" "table" "sort" ".pd_near_zero_variation" "FUN" "vapply" ".pd_check_data_impl" ".pd_standardize_data_impl" "<Anonymous>" "run" "system.time" 
29592 :"factor" "table" "sort" ".pd_near_zero_variation" "FUN" "vapply" ".pd_check_data_impl" ".pd_standardize_data_impl" "<Anonymous>" "run" "system.time" 
32816 :"factor" "table" "sort" ".pd_near_zero_variation" "FUN" "vapply" ".pd_check_data_impl" ".pd_standardize_data_impl" "<Anonymous>" "run" "system.time" 
120048 :"factor" "table" "sort" ".pd_near_zero_variation" "FUN" "vapply" ".pd_check_data_impl" ".pd_standardize_data_impl" "<Anonymous>" "run" "system.time" 
32816 :"factor" "table" "sort" ".pd_near_zero_variation" "FUN" "vapply" ".pd_check_data_impl" ".pd_standardize_data_impl" "<Anonymous>" "run" "system.time" 
120048 :"as.integer" "table" "sort" ".pd_near_zero_variation" "FUN" "vapply" ".pd_check_data_impl" ".pd_standardize_data_impl" "<Anonymous>" "run" "system.time" 
29592 :"as.integer" "table" "sort" ".pd_near_zero_variation" "FUN" "vapply" ".pd_check_data_impl" ".pd_standardize_data_impl" "<Anonymous>" "run" "system.time" 
120048 :"table" "sort" ".pd_near_zero_variation" "FUN" "vapply" ".pd_check_data_impl" ".pd_standardize_data_impl" "<Anonymous>" "run" "system.time" 
120048 :"is.na" "table" "sort" ".pd_near_zero_variation" "FUN" "vapply" ".pd_check_data_impl" ".pd_standardize_data_impl" "<Anonymous>" "run" "system.time" 
120048 :"table" "sort" ".pd_near_zero_variation" "FUN" "vapply" ".pd_check_data_impl" ".pd_standardize_data_impl" "<Anonymous>" "run" "system.time" 
120056 :"table" "sort" ".pd_near_zero_variation" "FUN" "vapply" ".pd_check_data_impl" ".pd_standardize_data_impl" "<Anonymous>" "run" "system.time" 
120048 :"table" "sort" ".pd_near_zero_variation" "FUN" "vapply" ".pd_check_data_impl" ".pd_standardize_data_impl" "<Anonymous>" "run" "system.time" 
120048 :"table" "sort" ".pd_near_zero_variation" "FUN" "vapply" ".pd_check_data_impl" ".pd_standardize_data_impl" "<Anonymous>" "run" "system.time" 
120048 :"table" "sort" ".pd_near_zero_variation" "FUN" "vapply" ".pd_check_data_impl" ".pd_standardize_data_impl" "<Anonymous>" "run" "system.time" 
14824 :"tabulate" "array" "table" "sort" ".pd_near_zero_variation" "FUN" "vapply" ".pd_check_data_impl" ".pd_standardize_data_impl" "<Anonymous>" "run" "system.time" 
14824 :"array" "table" "sort" ".pd_near_zero_variation" "FUN" "vapply" ".pd_check_data_impl" ".pd_standardize_data_impl" "<Anonymous>" "run" "system.time" 
14824 :"as.vector" "FUN" "lapply" "order" "NextMethod" "[.table" "[" "sort.default" "sort" ".pd_near_zero_variation" "FUN" "vapply" ".pd_check_data_impl" ".pd_standardize_data_impl" "<Anonymous>" "run" "system.time" 
29592 :"as.vector" "FUN" "lapply" "order" "NextMethod" "[.table" "[" "sort.default" "sort" ".pd_near_zero_variation" "FUN" "vapply" ".pd_check_data_impl" ".pd_standardize_data_impl" "<Anonymous>" "run" "system.time" 
29592 :"as.vector" "FUN" "lapply" "order" "NextMethod" "[.table" "[" "sort.default" "sort" ".pd_near_zero_variation" "FUN" "vapply" ".pd_check_data_impl" ".pd_standardize_data_impl" "<Anonymous>" "run" "system.time" 
14824 :"order" "do.call" "order" "NextMethod" "[.table" "[" "sort.default" "sort" ".pd_near_zero_variation" "FUN" "vapply" ".pd_check_data_impl" ".pd_standardize_data_impl" "<Anonymous>" "run" "system.time" 
14824 :"NextMethod" "[.table" "[" "sort.default" "sort" ".pd_near_zero_variation" "FUN" "vapply" ".pd_check_data_impl" ".pd_standardize_data_impl" "<Anonymous>" "run" "system.time" 
29592 :"NextMethod" "[.table" "[" "sort.default" "sort" ".pd_near_zero_variation" "FUN" "vapply" ".pd_check_data_impl" ".pd_standardize_data_impl" "<Anonymous>" "run" "system.time" 
29592 :"NextMethod" "[.table" "[" "sort.default" "sort" ".pd_near_zero_variation" "FUN" "vapply" ".pd_check_data_impl" ".pd_standardize_data_impl" "<Anonymous>" "run" "system.time" 
120048 :"is.na" "na.omit.default" "<Anonymous>" ".pd_near_zero_variation" "FUN" "vapply" ".pd_check_data_impl" ".pd_standardize_data_impl" "<Anonymous>" "run" "system.time" 
120056 :"na.omit.default" "<Anonymous>" ".pd_near_zero_variation" "FUN" "vapply" ".pd_check_data_impl" ".pd_standardize_data_impl" "<Anonymous>" "run" "system.time" 
262192 :"unique.default" "unique" "factor" "table" "sort" ".pd_near_zero_variation" "FUN" "vapply" ".pd_check_data_impl" ".pd_standardize_data_impl" "<Anonymous>" "run" "system.time" 
120048 :"unique.default" "unique" "factor" "table" "sort" ".pd_near_zero_variation" "FUN" "vapply" ".pd_check_data_impl" ".pd_standardize_data_impl" "<Anonymous>" "run" "system.time" 
29344 :"unique.default" "unique" "factor" "table" "sort" ".pd_near_zero_variation" "FUN" "vapply" ".pd_check_data_impl" ".pd_standardize_data_impl" "<Anonymous>" "run" "system.time" 
14696 :"order" "factor" "table" "sort" ".pd_near_zero_variation" "FUN" "vapply" ".pd_check_data_impl" ".pd_standardize_data_impl" "<Anonymous>" "run" "system.time" 
29344 :"unique" "factor" "table" "sort" ".pd_near_zero_variation" "FUN" "vapply" ".pd_check_data_impl" ".pd_standardize_data_impl" "<Anonymous>" "run" "system.time" 
32816 :"unique.default" "unique" "factor" "table" "sort" ".pd_near_zero_variation" "FUN" "vapply" ".pd_check_data_impl" ".pd_standardize_data_impl" "<Anonymous>" "run" "system.time" 
29344 :"unique.default" "unique" "factor" "table" "sort" ".pd_near_zero_variation" "FUN" "vapply" ".pd_check_data_impl" ".pd_standardize_data_impl" "<Anonymous>" "run" "system.time" 
14696 :"unique.default" "unique" "factor" "table" "sort" ".pd_near_zero_variation" "FUN" "vapply" ".pd_check_data_impl" ".pd_standardize_data_impl" "<Anonymous>" "run" "system.time" 
29344 :"unique.default" "unique" "factor" "table" "sort" ".pd_near_zero_variation" "FUN" "vapply" ".pd_check_data_impl" ".pd_standardize_data_impl" "<Anonymous>" "run" "system.time" 
29344 :"factor" "table" "sort" ".pd_near_zero_variation" "FUN" "vapply" ".pd_check_data_impl" ".pd_standardize_data_impl" "<Anonymous>" "run" "system.time" 
14696 :"factor" "table" "sort" ".pd_near_zero_variation" "FUN" "vapply" ".pd_check_data_impl" ".pd_standardize_data_impl" "<Anonymous>" "run" "system.time" 
14696 :"is.na" "factor" "table" "sort" ".pd_near_zero_variation" "FUN" "vapply" ".pd_check_data_impl" ".pd_standardize_data_impl" "<Anonymous>" "run" "system.time" 
14704 :"factor" "table" "sort" ".pd_near_zero_variation" "FUN" "vapply" ".pd_check_data_impl" ".pd_standardize_data_impl" "<Anonymous>" "run" "system.time" 
14696 :"factor" "table" "sort" ".pd_near_zero_variation" "FUN" "vapply" ".pd_check_data_impl" ".pd_standardize_data_impl" "<Anonymous>" "run" "system.time" 
29344 :"factor" "table" "sort" ".pd_near_zero_variation" "FUN" "vapply" ".pd_check_data_impl" ".pd_standardize_data_impl" "<Anonymous>" "run" "system.time" 
240048 :"factor" "table" "sort" ".pd_near_zero_variation" "FUN" "vapply" ".pd_check_data_impl" ".pd_standardize_data_impl" "<Anonymous>" "run" "system.time" 
240048 :"factor" "table" "sort" ".pd_near_zero_variation" "FUN" "vapply" ".pd_check_data_impl" ".pd_standardize_data_impl" "<Anonymous>" "run" "system.time" 
29344 :"factor" "table" "sort" ".pd_near_zero_variation" "FUN" "vapply" ".pd_check_data_impl" ".pd_standardize_data_impl" "<Anonymous>" "run" "system.time" 
32816 :"factor" "table" "sort" ".pd_near_zero_variation" "FUN" "vapply" ".pd_check_data_impl" ".pd_standardize_data_impl" "<Anonymous>" "run" "system.time" 
120048 :"factor" "table" "sort" ".pd_near_zero_variation" "FUN" "vapply" ".pd_check_data_impl" ".pd_standardize_data_impl" "<Anonymous>" "run" "system.time" 
32816 :"factor" "table" "sort" ".pd_near_zero_variation" "FUN" "vapply" ".pd_check_data_impl" ".pd_standardize_data_impl" "<Anonymous>" "run" "system.time" 
120048 :"as.integer" "table" "sort" ".pd_near_zero_variation" "FUN" "vapply" ".pd_check_data_impl" ".pd_standardize_data_impl" "<Anonymous>" "run" "system.time" 
29344 :"as.integer" "table" "sort" ".pd_near_zero_variation" "FUN" "vapply" ".pd_check_data_impl" ".pd_standardize_data_impl" "<Anonymous>" "run" "system.time" 
120048 :"table" "sort" ".pd_near_zero_variation" "FUN" "vapply" ".pd_check_data_impl" ".pd_standardize_data_impl" "<Anonymous>" "run" "system.time" 
120048 :"is.na" "table" "sort" ".pd_near_zero_variation" "FUN" "vapply" ".pd_check_data_impl" ".pd_standardize_data_impl" "<Anonymous>" "run" "system.time" 
120048 :"table" "sort" ".pd_near_zero_variation" "FUN" "vapply" ".pd_check_data_impl" ".pd_standardize_data_impl" "<Anonymous>" "run" "system.time" 
120056 :"table" "sort" ".pd_near_zero_variation" "FUN" "vapply" ".pd_check_data_impl" ".pd_standardize_data_impl" "<Anonymous>" "run" "system.time" 
120048 :"table" "sort" ".pd_near_zero_variation" "FUN" "vapply" ".pd_check_data_impl" ".pd_standardize_data_impl" "<Anonymous>" "run" "system.time" 
120048 :"table" "sort" ".pd_near_zero_variation" "FUN" "vapply" ".pd_check_data_impl" ".pd_standardize_data_impl" "<Anonymous>" "run" "system.time" 
120048 :"table" "sort" ".pd_near_zero_variation" "FUN" "vapply" ".pd_check_data_impl" ".pd_standardize_data_impl" "<Anonymous>" "run" "system.time" 
14696 :"tabulate" "array" "table" "sort" ".pd_near_zero_variation" "FUN" "vapply" ".pd_check_data_impl" ".pd_standardize_data_impl" "<Anonymous>" "run" "system.time" 
14696 :"array" "table" "sort" ".pd_near_zero_variation" "FUN" "vapply" ".pd_check_data_impl" ".pd_standardize_data_impl" "<Anonymous>" "run" "system.time" 
14696 :"as.vector" "FUN" "lapply" "order" "NextMethod" "[.table" "[" "sort.default" "sort" ".pd_near_zero_variation" "FUN" "vapply" ".pd_check_data_impl" ".pd_standardize_data_impl" "<Anonymous>" "run" "system.time" 
29344 :"as.vector" "FUN" "lapply" "order" "NextMethod" "[.table" "[" "sort.default" "sort" ".pd_near_zero_variation" "FUN" "vapply" ".pd_check_data_impl" ".pd_standardize_data_impl" "<Anonymous>" "run" "system.time" 
29344 :"as.vector" "FUN" "lapply" "order" "NextMethod" "[.table" "[" "sort.default" "sort" ".pd_near_zero_variation" "FUN" "vapply" ".pd_check_data_impl" ".pd_standardize_data_impl" "<Anonymous>" "run" "system.time" 
14696 :"order" "do.call" "order" "NextMethod" "[.table" "[" "sort.default" "sort" ".pd_near_zero_variation" "FUN" "vapply" ".pd_check_data_impl" ".pd_standardize_data_impl" "<Anonymous>" "run" "system.time" 
14696 :"NextMethod" "[.table" "[" "sort.default" "sort" ".pd_near_zero_variation" "FUN" "vapply" ".pd_check_data_impl" ".pd_standardize_data_impl" "<Anonymous>" "run" "system.time" 
29344 :"NextMethod" "[.table" "[" "sort.default" "sort" ".pd_near_zero_variation" "FUN" "vapply" ".pd_check_data_impl" ".pd_standardize_data_impl" "<Anonymous>" "run" "system.time" 
29344 :"NextMethod" "[.table" "[" "sort.default" "sort" ".pd_near_zero_variation" "FUN" "vapply" ".pd_check_data_impl" ".pd_standardize_data_impl" "<Anonymous>" "run" "system.time" 
120048 :"is.na" "na.omit.default" "<Anonymous>" ".pd_near_zero_variation" "FUN" "vapply" ".pd_check_data_impl" ".pd_standardize_data_impl" "<Anonymous>" "run" "system.time" 
120056 :"na.omit.default" "<Anonymous>" ".pd_near_zero_variation" "FUN" "vapply" ".pd_check_data_impl" ".pd_standardize_data_impl" "<Anonymous>" "run" "system.time" 
262192 :"unique.default" "unique" "factor" "table" "sort" ".pd_near_zero_variation" "FUN" "vapply" ".pd_check_data_impl" ".pd_standardize_data_impl" "<Anonymous>" "run" "system.time" 
120048 :"unique.default" "unique" "factor" "table" "sort" ".pd_near_zero_variation" "FUN" "vapply" ".pd_check_data_impl" ".pd_standardize_data_impl" "<Anonymous>" "run" "system.time" 
29648 :"unique.default" "unique" "factor" "table" "sort" ".pd_near_zero_variation" "FUN" "vapply" ".pd_check_data_impl" ".pd_standardize_data_impl" "<Anonymous>" "run" "system.time" 
14848 :"order" "factor" "table" "sort" ".pd_near_zero_variation" "FUN" "vapply" ".pd_check_data_impl" ".pd_standardize_data_impl" "<Anonymous>" "run" "system.time" 
29648 :"unique" "factor" "table" "sort" ".pd_near_zero_variation" "FUN" "vapply" ".pd_check_data_impl" ".pd_standardize_data_impl" "<Anonymous>" "run" "system.time" 
32816 :"unique.default" "unique" "factor" "table" "sort" ".pd_near_zero_variation" "FUN" "vapply" ".pd_check_data_impl" ".pd_standardize_data_impl" "<Anonymous>" "run" "system.time" 
29648 :"unique.default" "unique" "factor" "table" "sort" ".pd_near_zero_variation" "FUN" "vapply" ".pd_check_data_impl" ".pd_standardize_data_impl" "<Anonymous>" "run" "system.time" 
14848 :"unique.default" "unique" "factor" "table" "sort" ".pd_near_zero_variation" "FUN" "vapply" ".pd_check_data_impl" ".pd_standardize_data_impl" "<Anonymous>" "run" "system.time" 
29648 :"unique.default" "unique" "factor" "table" "sort" ".pd_near_zero_variation" "FUN" "vapply" ".pd_check_data_impl" ".pd_standardize_data_impl" "<Anonymous>" "run" "system.time" 
29648 :"factor" "table" "sort" ".pd_near_zero_variation" "FUN" "vapply" ".pd_check_data_impl" ".pd_standardize_data_impl" "<Anonymous>" "run" "system.time" 
14848 :"factor" "table" "sort" ".pd_near_zero_variation" "FUN" "vapply" ".pd_check_data_impl" ".pd_standardize_data_impl" "<Anonymous>" "run" "system.time" 
14848 :"is.na" "factor" "table" "sort" ".pd_near_zero_variation" "FUN" "vapply" ".pd_check_data_impl" ".pd_standardize_data_impl" "<Anonymous>" "run" "system.time" 
14856 :"factor" "table" "sort" ".pd_near_zero_variation" "FUN" "vapply" ".pd_check_data_impl" ".pd_standardize_data_impl" "<Anonymous>" "run" "system.time" 
14848 :"factor" "table" "sort" ".pd_near_zero_variation" "FUN" "vapply" ".pd_check_data_impl" ".pd_standardize_data_impl" "<Anonymous>" "run" "system.time" 
29648 :"factor" "table" "sort" ".pd_near_zero_variation" "FUN" "vapply" ".pd_check_data_impl" ".pd_standardize_data_impl" "<Anonymous>" "run" "system.time" 
240048 :"factor" "table" "sort" ".pd_near_zero_variation" "FUN" "vapply" ".pd_check_data_impl" ".pd_standardize_data_impl" "<Anonymous>" "run" "system.time" 
240048 :"factor" "table" "sort" ".pd_near_zero_variation" "FUN" "vapply" ".pd_check_data_impl" ".pd_standardize_data_impl" "<Anonymous>" "run" "system.time" 
29648 :"factor" "table" "sort" ".pd_near_zero_variation" "FUN" "vapply" ".pd_check_data_impl" ".pd_standardize_data_impl" "<Anonymous>" "run" "system.time" 
32816 :"factor" "table" "sort" ".pd_near_zero_variation" "FUN" "vapply" ".pd_check_data_impl" ".pd_standardize_data_impl" "<Anonymous>" "run" "system.time" 
120048 :"factor" "table" "sort" ".pd_near_zero_variation" "FUN" "vapply" ".pd_check_data_impl" ".pd_standardize_data_impl" "<Anonymous>" "run" "system.time" 
32816 :"factor" "table" "sort" ".pd_near_zero_variation" "FUN" "vapply" ".pd_check_data_impl" ".pd_standardize_data_impl" "<Anonymous>" "run" "system.time" 
120048 :"as.integer" "table" "sort" ".pd_near_zero_variation" "FUN" "vapply" ".pd_check_data_impl" ".pd_standardize_data_impl" "<Anonymous>" "run" "system.time" 
29648 :"as.integer" "table" "sort" ".pd_near_zero_variation" "FUN" "vapply" ".pd_check_data_impl" ".pd_standardize_data_impl" "<Anonymous>" "run" "system.time" 
120048 :"table" "sort" ".pd_near_zero_variation" "FUN" "vapply" ".pd_check_data_impl" ".pd_standardize_data_impl" "<Anonymous>" "run" "system.time" 
120048 :"is.na" "table" "sort" ".pd_near_zero_variation" "FUN" "vapply" ".pd_check_data_impl" ".pd_standardize_data_impl" "<Anonymous>" "run" "system.time" 
120048 :"table" "sort" ".pd_near_zero_variation" "FUN" "vapply" ".pd_check_data_impl" ".pd_standardize_data_impl" "<Anonymous>" "run" "system.time" 
120056 :"table" "sort" ".pd_near_zero_variation" "FUN" "vapply" ".pd_check_data_impl" ".pd_standardize_data_impl" "<Anonymous>" "run" "system.time" 
120048 :"table" "sort" ".pd_near_zero_variation" "FUN" "vapply" ".pd_check_data_impl" ".pd_standardize_data_impl" "<Anonymous>" "run" "system.time" 
120048 :"table" "sort" ".pd_near_zero_variation" "FUN" "vapply" ".pd_check_data_impl" ".pd_standardize_data_impl" "<Anonymous>" "run" "system.time" 
120048 :"table" "sort" ".pd_near_zero_variation" "FUN" "vapply" ".pd_check_data_impl" ".pd_standardize_data_impl" "<Anonymous>" "run" "system.time" 
14848 :"tabulate" "array" "table" "sort" ".pd_near_zero_variation" "FUN" "vapply" ".pd_check_data_impl" ".pd_standardize_data_impl" "<Anonymous>" "run" "system.time" 
14848 :"array" "table" "sort" ".pd_near_zero_variation" "FUN" "vapply" ".pd_check_data_impl" ".pd_standardize_data_impl" "<Anonymous>" "run" "system.time" 
14848 :"as.vector" "FUN" "lapply" "order" "NextMethod" "[.table" "[" "sort.default" "sort" ".pd_near_zero_variation" "FUN" "vapply" ".pd_check_data_impl" ".pd_standardize_data_impl" "<Anonymous>" "run" "system.time" 
29648 :"as.vector" "FUN" "lapply" "order" "NextMethod" "[.table" "[" "sort.default" "sort" ".pd_near_zero_variation" "FUN" "vapply" ".pd_check_data_impl" ".pd_standardize_data_impl" "<Anonymous>" "run" "system.time" 
29648 :"as.vector" "FUN" "lapply" "order" "NextMethod" "[.table" "[" "sort.default" "sort" ".pd_near_zero_variation" "FUN" "vapply" ".pd_check_data_impl" ".pd_standardize_data_impl" "<Anonymous>" "run" "system.time" 
14848 :"order" "do.call" "order" "NextMethod" "[.table" "[" "sort.default" "sort" ".pd_near_zero_variation" "FUN" "vapply" ".pd_check_data_impl" ".pd_standardize_data_impl" "<Anonymous>" "run" "system.time" 
14848 :"NextMethod" "[.table" "[" "sort.default" "sort" ".pd_near_zero_variation" "FUN" "vapply" ".pd_check_data_impl" ".pd_standardize_data_impl" "<Anonymous>" "run" "system.time" 
29648 :"NextMethod" "[.table" "[" "sort.default" "sort" ".pd_near_zero_variation" "FUN" "vapply" ".pd_check_data_impl" ".pd_standardize_data_impl" "<Anonymous>" "run" "system.time" 
29648 :"NextMethod" "[.table" "[" "sort.default" "sort" ".pd_near_zero_variation" "FUN" "vapply" ".pd_check_data_impl" ".pd_standardize_data_impl" "<Anonymous>" "run" "system.time" 
120048 :"is.na" "na.omit.default" "<Anonymous>" ".pd_near_zero_variation" "FUN" "vapply" ".pd_check_data_impl" ".pd_standardize_data_impl" "<Anonymous>" "run" "system.time" 
120056 :"na.omit.default" "<Anonymous>" ".pd_near_zero_variation" "FUN" "vapply" ".pd_check_data_impl" ".pd_standardize_data_impl" "<Anonymous>" "run" "system.time" 
262192 :"unique.default" "unique" "factor" "table" "sort" ".pd_near_zero_variation" "FUN" "vapply" ".pd_check_data_impl" ".pd_standardize_data_impl" "<Anonymous>" "run" "system.time" 
120048 :"unique.default" "unique" "factor" "table" "sort" ".pd_near_zero_variation" "FUN" "vapply" ".pd_check_data_impl" ".pd_standardize_data_impl" "<Anonymous>" "run" "system.time" 
240048 :"factor" "table" "sort" ".pd_near_zero_variation" "FUN" "vapply" ".pd_check_data_impl" ".pd_standardize_data_impl" "<Anonymous>" "run" "system.time" 
240048 :"factor" "table" "sort" ".pd_near_zero_variation" "FUN" "vapply" ".pd_check_data_impl" ".pd_standardize_data_impl" "<Anonymous>" "run" "system.time" 
120048 :"factor" "table" "sort" ".pd_near_zero_variation" "FUN" "vapply" ".pd_check_data_impl" ".pd_standardize_data_impl" "<Anonymous>" "run" "system.time" 
120048 :"as.integer" "table" "sort" ".pd_near_zero_variation" "FUN" "vapply" ".pd_check_data_impl" ".pd_standardize_data_impl" "<Anonymous>" "run" "system.time" 
120048 :"table" "sort" ".pd_near_zero_variation" "FUN" "vapply" ".pd_check_data_impl" ".pd_standardize_data_impl" "<Anonymous>" "run" "system.time" 
120048 :"is.na" "table" "sort" ".pd_near_zero_variation" "FUN" "vapply" ".pd_check_data_impl" ".pd_standardize_data_impl" "<Anonymous>" "run" "system.time" 
120048 :"table" "sort" ".pd_near_zero_variation" "FUN" "vapply" ".pd_check_data_impl" ".pd_standardize_data_impl" "<Anonymous>" "run" "system.time" 
120056 :"table" "sort" ".pd_near_zero_variation" "FUN" "vapply" ".pd_check_data_impl" ".pd_standardize_data_impl" "<Anonymous>" "run" "system.time" 
120048 :"table" "sort" ".pd_near_zero_variation" "FUN" "vapply" ".pd_check_data_impl" ".pd_standardize_data_impl" "<Anonymous>" "run" "system.time" 
120048 :"table" "sort" ".pd_near_zero_variation" "FUN" "vapply" ".pd_check_data_impl" ".pd_standardize_data_impl" "<Anonymous>" "run" "system.time" 
120048 :"table" "sort" ".pd_near_zero_variation" "FUN" "vapply" ".pd_check_data_impl" ".pd_standardize_data_impl" "<Anonymous>" "run" "system.time" 
120048 :"is.na" "na.omit.default" "<Anonymous>" ".pd_near_zero_variation" "FUN" "vapply" ".pd_check_data_impl" ".pd_standardize_data_impl" "<Anonymous>" "run" "system.time" 
120056 :"na.omit.default" "<Anonymous>" ".pd_near_zero_variation" "FUN" "vapply" ".pd_check_data_impl" ".pd_standardize_data_impl" "<Anonymous>" "run" "system.time" 
262192 :"unique.default" "unique" "factor" "table" "sort" ".pd_near_zero_variation" "FUN" "vapply" ".pd_check_data_impl" ".pd_standardize_data_impl" "<Anonymous>" "run" "system.time" 
120048 :"unique.default" "unique" "factor" "table" "sort" ".pd_near_zero_variation" "FUN" "vapply" ".pd_check_data_impl" ".pd_standardize_data_impl" "<Anonymous>" "run" "system.time" 
240048 :"factor" "table" "sort" ".pd_near_zero_variation" "FUN" "vapply" ".pd_check_data_impl" ".pd_standardize_data_impl" "<Anonymous>" "run" "system.time" 
240048 :"factor" "table" "sort" ".pd_near_zero_variation" "FUN" "vapply" ".pd_check_data_impl" ".pd_standardize_data_impl" "<Anonymous>" "run" "system.time" 
120048 :"factor" "table" "sort" ".pd_near_zero_variation" "FUN" "vapply" ".pd_check_data_impl" ".pd_standardize_data_impl" "<Anonymous>" "run" "system.time" 
120048 :"as.integer" "table" "sort" ".pd_near_zero_variation" "FUN" "vapply" ".pd_check_data_impl" ".pd_standardize_data_impl" "<Anonymous>" "run" "system.time" 
120048 :"table" "sort" ".pd_near_zero_variation" "FUN" "vapply" ".pd_check_data_impl" ".pd_standardize_data_impl" "<Anonymous>" "run" "system.time" 
120048 :"is.na" "table" "sort" ".pd_near_zero_variation" "FUN" "vapply" ".pd_check_data_impl" ".pd_standardize_data_impl" "<Anonymous>" "run" "system.time" 
120048 :"table" "sort" ".pd_near_zero_variation" "FUN" "vapply" ".pd_check_data_impl" ".pd_standardize_data_impl" "<Anonymous>" "run" "system.time" 
120056 :"table" "sort" ".pd_near_zero_variation" "FUN" "vapply" ".pd_check_data_impl" ".pd_standardize_data_impl" "<Anonymous>" "run" "system.time" 
120048 :"table" "sort" ".pd_near_zero_variation" "FUN" "vapply" ".pd_check_data_impl" ".pd_standardize_data_impl" "<Anonymous>" "run" "system.time" 
120048 :"table" "sort" ".pd_near_zero_variation" "FUN" "vapply" ".pd_check_data_impl" ".pd_standardize_data_impl" "<Anonymous>" "run" "system.time" 
120048 :"table" "sort" ".pd_near_zero_variation" "FUN" "vapply" ".pd_check_data_impl" ".pd_standardize_data_impl" "<Anonymous>" "run" "system.time" 
120048 :"is.na" "na.omit.default" "<Anonymous>" ".pd_near_zero_variation" "FUN" "vapply" ".pd_check_data_impl" ".pd_standardize_data_impl" "<Anonymous>" "run" "system.time" 
120056 :"na.omit.default" "<Anonymous>" ".pd_near_zero_variation" "FUN" "vapply" ".pd_check_data_impl" ".pd_standardize_data_impl" "<Anonymous>" "run" "system.time" 
262192 :"unique.default" "unique" "factor" "table" "sort" ".pd_near_zero_variation" "FUN" "vapply" ".pd_check_data_impl" ".pd_standardize_data_impl" "<Anonymous>" "run" "system.time" 
120048 :"unique.default" "unique" "factor" "table" "sort" ".pd_near_zero_variation" "FUN" "vapply" ".pd_check_data_impl" ".pd_standardize_data_impl" "<Anonymous>" "run" "system.time" 
240048 :"factor" "table" "sort" ".pd_near_zero_variation" "FUN" "vapply" ".pd_check_data_impl" ".pd_standardize_data_impl" "<Anonymous>" "run" "system.time" 
240048 :"factor" "table" "sort" ".pd_near_zero_variation" "FUN" "vapply" ".pd_check_data_impl" ".pd_standardize_data_impl" "<Anonymous>" "run" "system.time" 
120048 :"factor" "table" "sort" ".pd_near_zero_variation" "FUN" "vapply" ".pd_check_data_impl" ".pd_standardize_data_impl" "<Anonymous>" "run" "system.time" 
120048 :"as.integer" "table" "sort" ".pd_near_zero_variation" "FUN" "vapply" ".pd_check_data_impl" ".pd_standardize_data_impl" "<Anonymous>" "run" "system.time" 
120048 :"table" "sort" ".pd_near_zero_variation" "FUN" "vapply" ".pd_check_data_impl" ".pd_standardize_data_impl" "<Anonymous>" "run" "system.time" 
120048 :"is.na" "table" "sort" ".pd_near_zero_variation" "FUN" "vapply" ".pd_check_data_impl" ".pd_standardize_data_impl" "<Anonymous>" "run" "system.time" 
120048 :"table" "sort" ".pd_near_zero_variation" "FUN" "vapply" ".pd_check_data_impl" ".pd_standardize_data_impl" "<Anonymous>" "run" "system.time" 
120056 :"table" "sort" ".pd_near_zero_variation" "FUN" "vapply" ".pd_check_data_impl" ".pd_standardize_data_impl" "<Anonymous>" "run" "system.time" 
120048 :"table" "sort" ".pd_near_zero_variation" "FUN" "vapply" ".pd_check_data_impl" ".pd_standardize_data_impl" "<Anonymous>" "run" "system.time" 
120048 :"table" "sort" ".pd_near_zero_variation" "FUN" "vapply" ".pd_check_data_impl" ".pd_standardize_data_impl" "<Anonymous>" "run" "system.time" 
120048 :"table" "sort" ".pd_near_zero_variation" "FUN" "vapply" ".pd_check_data_impl" ".pd_standardize_data_impl" "<Anonymous>" "run" "system.time" 
262192 :"unique.default" "unique" ".pd_standardize_data_impl" "<Anonymous>" "run" "system.time" 
120048 :"unique.default" "unique" ".pd_standardize_data_impl" "<Anonymous>" "run" "system.time" 
40048 :"unique.default" "unique" ".pd_standardize_data_impl" "<Anonymous>" "run" "system.time" 
